redump_name,serial_1,serial_2,serial_3
09 Chairs (Japan),SCLX-2004 (8848),,
102 Dalmatians - Puppies to the Rescue (UK),T-36813D-05,,
"18 Wheeler - American Pro Trucker (Europe) (En,Fr,De,Es)",MK-51064-50,,
18 Wheeler - American Pro Trucker (Japan),HDR-0080,,
18 Wheeler - American Pro Trucker (USA),51064,,
21 - Two One (Japan),T-46504M,,
"4 Wheel Thunder (Europe) (En,Fr)",952-0063-50, T-9706D-50,
4 Wheel Thunder (USA),T-9708N,,
4x4 Evo (USA),T-41903N,,
"90 Minutes - Sega Championship Football (Europe) (En,Fr,De,Es,It)",MK-51190-50,,
Action Replay CDX - Demo Version (UK) (Unl),,,
Advanced Daisenryaku - Sturm ueber Europa - Der Deutsche Blitzkrieg (Japan),HDR-0066,,
Advanced Daisenryaku 2001 (Japan),HDR-0158,,
Aero Dancing - Todoroki Taichou no Himitsu Disc (Japan),T-6803M,,
Aero Dancing F - Todoroki Tsubasa no Hatsu Hikou (Japan),T-6805M,,
Aero Dancing F (Japan),T-6804M,,
Aero Dancing F (Japan) (Rev A),T-6808M,,
Aero Dancing F (Japan) (Taikenban),610-7740,,
Aero Dancing featuring Blue Impulse (Japan),T-6802M,,
Aero Dancing featuring Blue Impulse (Japan) (Tentou Taikenban),610-7106,,
Aero Dancing i - Jikai-saku made Matemasen (Japan),T-6809M,,
Aero Dancing i (Japan),T-6807M,,
Aero to Jet de Dancing! (Japan) (Taikenban Disc),610-8017,,
"AeroWings (Europe) (En,Fr,De)",T-40202D-50,,
AeroWings (USA),T-40201N,,
"AeroWings 2 - Airstrike (Europe) (En,De)",T-40209D-50,,
AeroWings 2 - Airstrike (USA),T-40210N,,
After... Wasureenu Kizuna (Japan),T-18705M, T-18706M,
Aikagi - Hidamari to Kanojo no Heyagi (Japan),T-20131M,,
Air (Japan) (Rev A),T-20112M,,
AirForce Delta (Japan),T-9502M,,
AirForce Delta (USA),T-9501N,,
Akihabara Dennou-gumi Pata Pies! (Japan),HDR-0019,,
Alice Dreams (France) (Demo) (Unl),,,
Alice Dreams Tournament (USA) (Disc 1) (Unl),,,
Alice Dreams Tournament (USA) (Disc 2) (Unl),,,
"Alice Sisters (USA, Japan) (Unl)",,,
Alien Front Online (USA),51171,,
Alone in the Dark - The New Nightmare (Europe) (Disc 1),T-15112D-05A,,
Alone in the Dark - The New Nightmare (Europe) (Disc 2),T-15112D-05B,,
Alone in the Dark - The New Nightmare (France) (Disc 1),T-15112D-09A,,
Alone in the Dark - The New Nightmare (France) (Disc 2),T-15112D-09B,,
"Alone in the Dark - The New Nightmare (Germany) (En,De) (Disc 1)",T-15112D-18A,,
"Alone in the Dark - The New Nightmare (Germany) (En,De) (Disc 2)",T-15112D-18B,,
Alone in the Dark - The New Nightmare (USA) (Disc 1),T-15117N,,
Alone in the Dark - The New Nightmare (USA) (Disc 2),T-15117N,,
AM2 of CRI 2001 New Lineup Movie Collection (Japan),610-8018,,
Angel Present (Japan),T-20107M,,
Angel Wish - Kimi no Egao ni Chu! (Japan),T-18712M,,
Animastar (Japan),T-34101M,,
Ao no 6-gou - Saigetsu Hito o Matazu - Time and Tide (Japan),HDR-0075,,
"Aqua GT (Europe) (En,Fr,De)",T-40509D50,,
Armada (USA),T-40301N,,
"Army Men - Sarge's Heroes (Europe) (En,Fr,De,Es,It)",T-9708D-50,,
Army Men - Sarge's Heroes (USA),T-9715N,,
Army Men - Sarge's Heroes (USA) (Demo),T-9715ND,,
Atari Anniversary Edition (USA),T-15130N,,
Atsumare! Guru Guru Onsen (Japan),HDR-0015,,
Atsumare! Guru Guru Onsen (Japan) (Demo 1),610-7187,,
Atsumare! Guru Guru Onsen (Japan) (Demo 2),610-7351,,
Atsumare! Guru Guru Onsen BB (Japan),HDR-0121,,
Atsumare! Guru Guru Onsen BB (Japan) (Rev A),HDR-0121,,
Bakumatsu Roman Daini Maku - Gekka no Kenshi - Final Edition (Japan),T-3107M, T-47301M,
Bakuretsu Muteki Bangaioh (Japan),T-38702M,,
Baldr Force EXE (Japan),T-47110M,,
Bang! Gunship Elite (USA),T-44102N,,
"Bangai-O (Europe) (En,Fr,De)",T-7011D-50,,
Bangai-O (USA),T-40217N,,
Bass Rush Dream - EcoGear PowerWorm Championship (Japan),T-5801M,,
Battle Beaster (Japan),T-43801M,,
"Battle Crust (USA, Japan) (Unl)",,,
Berserk - Millennium Falcon-hen - Wasurebana no Shou (Japan),T-2101M,,
Berserk - Millennium Falcon-hen - Wasurebana no Shou (Japan) (Taikenban),610-7370,,
BikkuriMan 2000 - Viva! Festiva! (Japan),T-41801M,,
Biohazard - Code - Veronica - Kanzenban (Japan) (Disc 1),T-1240M,,
Biohazard - Code - Veronica - Kanzenban (Japan) (Disc 2),T-1240M,,
Biohazard - Code - Veronica - Trial Edition (Japan),T-1214M,,
Biohazard - Code - Veronica (Japan) (Disc 1),T-1207M,,
Biohazard - Code - Veronica (Japan) (Disc 1) (Genteiban),T-1210M,,
Biohazard - Code - Veronica (Japan) (Disc 2),T-1207M,,
Biohazard - Code - Veronica (Japan) (Disc 2) (Genteiban),T-1210M,,
Biohazard - Code - Veronica (Japan) (Tentou-you Demo Movie),610-7724,,
Biohazard 2 - Value Plus (Japan) (Disc 1),T-1214M,,
Biohazard 2 - Value Plus (Japan) (Disc 2),T-1214M,,
Biohazard 3 - Last Escape (Japan),T-1222M,,
Black-Matrix Advanced (Japan) (Disc 1),T-20101M,,
Black-Matrix Advanced (Japan) (Disc 2),T-20101M,,
Blue Stinger (Europe),T-13001D-05, T-13001D-58,
Blue Stinger (France),T-13001D-09,,
"Blue Stinger (Germany) (En,De)",T-13001D-18,,
Blue Stinger (Japan),HDR-0003,,
Blue Stinger (USA),T-13001N,,
Blue-Sky-Blue[s] - Sora o Mau Tsubasa (Japan),T-23204M,,
Bokomu no Tatsujin (Japan),T-42904M,,
Boku Doraemon (Japan),T-41802M,,
Boku no Tennis Jinsei (Japan),T-41202M,,
"Boku to, Bokura no Natsu (Japan)",T-19717M,,
Bomber Hehhe! (Japan),T-42903M,,
Bomberman Online (USA),51065,,
Border Down (Japan),T-46702M, T-46703M,
Bounty Hunter Sara - Holy Mountain no Teiou (Japan),T-1243M,,
"Breakers (USA, Japan) (Unl)",,,
Broadband Passport (Japan),610-7883,,
"Buggy Heat (Europe) (En,Fr,De,Es)",MK-54040-50,,
Buggy Heat (Japan),T-6801M,,
Bust-A-Move 4 (Europe),T-8109D-50,,
Bust-A-Move 4 (USA),T-8117N,,
Caesars Palace 2000 - Millennium Gold Edition (Europe),T-12502D-50, T-12502D-83,
Caesars Palace 2000 - Millennium Gold Edition (USA),T-12504N,,
Cafe Little Wish (Japan),T-46513M,,
Canary - Kono Omoi o Uta ni Nosete (Japan),T-20111M,,
Candy Stripe - Minarai Tenshi (Japan),HDR-0172,,
Cannon Spike (Europe),T-46601D-50,,
Cannon Spike (USA),T-1215N,,
Canvas - Sepia Iro no Motif (Japan),T-20108M,,
Capcom Taisen Fan Disc (Japan),610-8086,,
Capcom vs. SNK - Millennium Fight 2000 (Japan),T-1217M,,
Capcom vs. SNK - Millennium Fight 2000 (Japan) (Rev A),T-1217M,,
Capcom vs. SNK - Millennium Fight 2000 (Japan) (Tentou Taikenban),610-7917,,
Capcom vs. SNK - Millennium Fight 2000 Pro (Japan),T-1247M,,
Capcom vs. SNK (Europe),T-7017D-50,,
Capcom vs. SNK (USA),T-1218N,,
Capcom vs. SNK 2 - Millionaire Fighting 2001 (Japan),T-1249M,,
"Captain Tomaday (USA, Japan) (Unl)",,,
Card of Destiny - Hikari to Yami no Tougousha (Japan),T-44405M,,
Cardcaptor Sakura - Tomoyo no Video Daisakusen (Japan),HDR-0115, HDR-0132,
"Carrier (Europe) (En,Fr,De,Es)",T-44901D-50,,
Carrier (Japan),T-5701M,,
Carrier (USA),T-5701N,,
Castle Fantasia - Seima Taisen (Japan),T-46901M,,
Centipede (USA),T-40602N,,
Championship Surfer (Europe) (Beta) (2000-10-24),952-0144-50,,
"Championship Surfer (Europe) (En,Fr,De,Es,It)",T-41402D-50,,
Championship Surfer (USA),T-41403N,,
Chaos Field (Japan),T-47801M,,
Charge 'N Blast (Europe),T-44902D-50,,
Charge 'N Blast (Japan),T-4402M,,
Charge 'N Blast (USA),T-15127N,,
Cheats 'N Codes Volume 1 (USA) (Unl),G-20811,,
Checkicco no Miru CD (Japan),PCCAX 10001,,
Cherry Blossom (Japan),T-37912M,,
"Chicken Run (Europe) (Fr,De,Es,It)",T-36814D-87,,
Chicken Run (Japan) (Beta) (2000-08-01),,,
Chicken Run (UK),T-36814D-05,,
Chicken Run (USA),T-36811N,,
Chocolat - Maid Cafe Curio (Japan),T-47107M,,
Chocolat - Maid Cafe Curio (Japan) (Demo),610-8395,,
Chou Hatsumei Boy Kanipan - Bousou Robot no Nazo! (Japan),HDR-0021,,
Choukou Senki Kikaioh (Japan),T-1206M,,
Choukou Senki Kikaioh for Matching Service (Japan),T-1232M,,
Christmas Seaman - Omoi o Tsutaeru Mou Hitotsu no Houhou (Japan) (Message Disc),T-39403M,,
Christmas Seaman - Omoi o Tsutaeru Mou Hitotsu no Houhou (Japan) (Present Disc),T-39403M,,
"ChuChu Rocket! (Europe) (En,Ja,Fr,De,Es)",952-0044-50, MK-51049-50,
Chu-Chu Rocket! (Japan),HDR-0039,,
Chu-Chu Rocket! (Japan) (Taikenban),610-7384,,
"ChuChu Rocket! (USA) (En,Ja,Fr,De,Es)",51049,,
Cleopatra Fortune (Japan) (Rev A),T-16603M,,
Climax Landers - Motte ke! Minige Campaign (Japan),610-7158,,
Climax Landers (Japan),HDR-0009,,
Close To - Inori no Oka (Japan),T-19704M,,
Coaster Works (Europe),T-44903D-50,,
Coaster Works (USA),T-15128N,,
Comic Party (Japan) (Disc 1),T-38301M, T-38302M,
Comic Party (Japan) (Disc 2),T-38301M, T-38302M,
"Confidential Mission (Europe) (En,Ja,Fr,De,Es)",952-0152-50, MK-51160-50,
"Confidential Mission (Japan) (En,Ja,Fr,De,Es)",HDR-0160,,
Confidential Mission (USA),51160,,
"Conflict Zone (Europe) (En,Fr,De)",952-0179-50, T-46603D-50, T-46603D-71
Conflict Zone (USA),T-17721N,,
Cool Boarders Burrrn! (Japan),T-36901M, T-36902M,
Cool Boarders Burrrn! (Japan) (Taikenban),610-7174,,
Cool Cool Toon (Japan),T-3106M,,
Cool Cool Toon (Japan) (Tentou-you Taikenban),610-7877,,
Cool Herders (USA) (Unl),,,
Cosmic Smash (Japan),HDR-0176,,
CR Hissatsu Shigotonin - Pachitte Chonmage @ VP@CHI (Japan),T-45801M,,
Crazy Taxi (Europe),MK-51035-50,,
Crazy Taxi (Japan),HDR-0053,,
Crazy Taxi (USA),51035,,
"Crazy Taxi 2 (Europe) (En,Ja,Fr,De,Es)",MK-51136-50,,
"Crazy Taxi 2 (Japan) (En,Ja)",HDR-0159,,
Crazy Taxi 2 (Japan) (Taikenban),673-02830,,
Crazy Taxi 2 (USA),51136,,
Culdcept II (Japan),T-43903M,,
Cyber Troopers - Virtual-On - Oratorio Tangram (USA),T-13004N,,
D+Vine [Luv] (Japan),T-46502M,,
D2 - D no Shokutaku 2 (Japan) (Disc 1),T-30004M, T-30005M,
D2 - D no Shokutaku 2 (Japan) (Disc 2),T-30004M, T-30005M,
D2 - D no Shokutaku 2 (Japan) (Disc 3),T-30004M, T-30005M,
D2 - D no Shokutaku 2 (Japan) (Disc 4),T-30004M, T-30005M,
D2 - Original Sound Track (Japan) (Disc 2) (MilCD),FSCA-10113,,
D2 (USA) (Disc 1),51036,,
D2 (USA) (Disc 2),51036,,
D2 (USA) (Disc 3),51036,,
D2 (USA) (Disc 4),51036,,
D2 Shock (Japan),T-30001M,,
Dabi Tsuku - Derby-ba o Tsukurou! (Japan),HDR-0084,,
Dabi Tsuku - Derby-ba o Tsukurou! (Japan) (Taikenban),610-7875,,
Dabi Tsuku 2 (Japan),HDR-0167,,
Dance Dance Revolution - Club Version - Dreamcast Edition (Japan),T-9508M,,
Dance Dance Revolution 2nd Mix - Dreamcast Edition (Japan),T-9506M,,
Dancing Blade Katte ni Momotenshi II - Tears of Eden Kanzenban (Japan) (Disc 1),T-9505M,,
Dancing Blade Katte ni Momotenshi II - Tears of Eden Kanzenban (Japan) (Disc 2),T-9505M,,
Dancing Blade Katte ni Momotenshi! Kanzenban (Japan) (Disc 1),T-9504M,,
Dancing Blade Katte ni Momotenshi! Kanzenban (Japan) (Disc 2),T-9504M,,
Dave Mirra Freestyle BMX (Europe),T-8120D-18, T-8120D-50,
Dave Mirra Freestyle BMX (USA),T-8120N,,
Daytona USA (USA),51037,,
"Daytona USA 2001 (Europe) (En,Fr,De,Es)",MK-51037-50,,
Daytona USA 2001 (Japan),HDR-0106,,
Daytona USA 2001 (Japan) (Taikenban),673-02290,,
DC X-Terminator (Japan) (Unl),,,
DC-IE Import Enabler (USA) (Unl),G-20812SM,,
"De La Jet Set Radio (Japan) (En,Ja,Fr,De,Es)",HDR-0128, HDR-0186,
Dead or Alive 2 (Europe),T-8116D-50,,
Dead or Alive 2 (Europe) (Beta) (2000-03-10),952-0052-50,,
Dead or Alive 2 (Japan),T-3602M,,
Dead or Alive 2 (Japan) (Shokai Genteiban),T-3601M,,
Dead or Alive 2 (Japan) (Taikenban),610-7913,,
Dead or Alive 2 (USA),T-3601N,,
Dead or Alive 2 (USA) (Demo),T-3601ND,,
"Deadly Skies (Europe) (En,Fr,De,Es,It)",T-9501D-50,,
Death Crimson 2 (Japan),T-23201M,,
Death Crimson OX (Japan),T-23202M,,
Death Crimson OX (USA),T-2401N,,
Debug Indie Sampler 1 (UK) (Unl),,,
Debug Indie Sampler 2 (UK) (Unl),,,
"Deep Fighter (Europe) (En,It) (Disc 1)",T-17704D-61A,,
"Deep Fighter (Europe) (En,It) (Disc 2)",T-17704D-61B,,
Deep Fighter (France) (Disc 1),T-17704D-09A,,
Deep Fighter (France) (Disc 2),T-17704D-09B,,
Deep Fighter (Germany) (Disc 1),T-17704D-18A,,
Deep Fighter (Germany) (Disc 2),T-17704D-18B,,
Deep Fighter (USA) (Disc 1),T-17705N,,
Deep Fighter (USA) (Disc 2),T-17705N,,
Dejiko no Maibura (Japan),T-44601M,,
Demolition Racer - No Exit (USA),T-15112N,,
Demolition Racer - No Exit (USA) (Demo),T-15112ND,,
Dengen Tenshi Taisen Mahjong Shangri-La - Super Premium Movie Disc (Japan),610-7369,,
Dengen Tenshi Taisen Mahjong Shangri-La (Japan),T-40801M, T-40803M,
Dennou Senki - Virtual-On - Oratorio Tangram (Japan),HDR-0040,,
Denpa Shounen-teki Kenshou Seikatsu Soft - Nasubi no Heya (Japan),T-14305M,,
Densha de Go! 2 - Kousoku-hen 3000 Bandai (Japan),T-1102M,,
deSPIRIA (Japan),T-14402M,,
Di Gi Charat Fantasy (Japan),T-46301M, T-46302M,
Digital Keiba Shinbun - My Trackman (Japan),T-37001M,,
Dino Crisis (Europe),T-7019D,,
Dino Crisis (France),T-7019D-09,,
Dino Crisis (Germany),T-7019D-18,,
Dino Crisis (Italy),T-7019D-13,,
Dino Crisis (Japan),T-1220M,,
Dino Crisis (Spain),T-7019D-06,,
Dino Crisis (USA),T-1217N,,
Disney-Pixar Buzz Lightyear of Star Command (Europe),T-13005D-05,,
Disney-Pixar Buzz Lightyear of Star Command (USA),T-13007N,,
Disney-Pixar Captain Buzz Lightyear - Star Command (Germany),T-13005D-18,,
Disney-Pixar Les Aventures de Buzz L'Eclair (France),T-13005D-09,,
Disney-Pixar Toy Story 2 - Buzz l'Eclair a la Rescousse! (France),T-13003D-09,,
Disney-Pixar Toy Story 2 - Buzz Lightyear eilt zur Hilfe! (Germany),T-13003D-18,,
Disney-Pixar Toy Story 2 - Buzz Lightyear to the Rescue! (Europe),T-13003D-05,,
Disney-Pixar Toy Story 2 - Buzz Lightyear to the Rescue! (USA),T-13003N,,
"Disney's 102 Dalmatians - Puppies to the Rescue (Europe) (Fr,De,Es,It)",T-36813D-50,,
Disney's 102 Dalmatians - Puppies to the Rescue (USA),T-36803N,,
"Disney's Dinosaur (Europe) (En,Fr,De,Es,It)",T-17718D-50,,
"Disney's Dinosaur (Europe) (En,Fr,De,Es,It) (Beta) (2000-10-05)",952-0098-50,,
Disney's Dinosaur (USA),T-17717N,,
Disney's Donald Duck - Goin' Quackers (USA),T-17719N,,
"Disney's Donald Duck - Quack Attack (Europe) (En,Fr,De,Es,It)",T-17714D-50,,
Doguu Senki - Haou (Japan),T-9101M,,
Doki Doki Idol Star Seeker Remix (Japan),T-46701M,,
Doricatch - FunCargo (Japan),T-39206M,,
Dorimaga GD Vol. 1 (Japan),610-7164,,
Dorimaga GD Vol. 10 (Japan),610-7164-11,,
Dorimaga GD Vol. 11 (Japan),610-7164-12,,
Dorimaga GD Vol. 12 (Japan),610-7164-13,,
Dorimaga GD Vol. 2 (Japan) (Disc 1),610-7164-02,,
Dorimaga GD Vol. 2 (Japan) (Disc 2),610-7164-03,,
Dorimaga GD Vol. 3 (Japan),610-7164-04,,
Dorimaga GD Vol. 4 (Japan),610-7164-05,,
Dorimaga GD Vol. 5 (Japan),610-7164-06,,
Dorimaga GD Vol. 6 (Japan),610-7164-07,,
Dorimaga GD Vol. 7 (Japan),610-7164-08,,
Dorimaga GD Vol. 8 (Japan),610-7164-09,,
Dorimaga GD Vol. 9 (Japan),610-7164-10,,
Dousoukai 2 - Again & Refrain (Japan),T-20113M,,
dps - Heartbreak Diary (Japan),PICL-7501,,
Draconus - Cult of the Wyrm (USA),T-40203N,,
Dragon Riders - Chronicles of Pern (Europe),T-17716D-50,,
Dragon Riders - Chronicles of Pern (USA),T-17720N,,
"Dragons Blood (Europe) (En,Fr,De)",T-12503D-50,,
Dream Passport (Japan),610-7000,,
Dream Passport 2 (Japan) (Rev A),610-7180,,
Dream Passport 2 (Japan) (Rev B),610-7180,,
Dream Passport 3 - Urban Style (Japan),610-7894,,
Dream Passport 3 (Japan),610-7819, 610-7851,
Dream Passport for Toyota (Japan),610-7057,,
Dream Passport Premier (Japan),610-8061,,
Dream Passport Ver.1.01 (Japan) (Rev A),610-7055,,
Dream Preview Vol. 0 (Japan),610-7027-00,,
Dream Preview Vol. 1 (Japan),610-7027-01,,
Dream Preview Vol. 2 (Japan),610-7027-02,,
Dream Preview Vol. 3 (Japan),610-7027-03,,
Dream Preview Vol. 4 (Japan),610-7027-04,,
Dream Preview Vol. 5 (Japan),610-7027-05,,
Dream Preview Vol. 6 (Japan),610-7027-06,,
Dream Preview Vol. 7 (Japan),610-7027-07,,
Dream Preview Vol. 8 (Japan),610-7027-08,,
Dreamcast Express Extra (Japan),610-7709,,
Dreamcast Express Vol. 1 (Japan),610-7110-01,,
Dreamcast Express Vol. 2 (Japan),610-7110-02,,
Dreamcast Express Vol. 3 (Japan),610-7110-03,,
Dreamcast Express Vol. 4 (Japan) (Disc 1) (Trial Disk),610-7110-04,,
Dreamcast Express Vol. 4 (Japan) (Disc 2) (Tokyo Game Show '99 Autumn - Special Disk),610-7110-04,,
Dreamcast Express Vol. 5 (Japan) (Disc 1) (Trial Disk),610-7110-05,,
Dreamcast Express Vol. 5 (Japan) (Disc 2) (Movie Disk),610-7110-05,,
Dreamcast Express Vol. 6 (Japan) (Disc 1) (Special Disk),610-7110-06,,
Dreamcast Express Vol. 6 (Japan) (Disc 2) (Trial & Movie Disk),610-7110-06,,
Dreamcast Express Vol. 7 (Japan) (Disc 1) (Special Disk),610-7110-07,,
Dreamcast Express Vol. 7 (Japan) (Disc 2) (Trial & Movie Disk),610-7110-07,,
Dreamcast Middleware Conference Demo Disc Part.2 (Japan),,,
Dreamcast Promotion Disk (Japan),610-7124,,
Dreamcast System-Disc 2 (Japan),670-13613C, HKT-0910,
Dreamcast VM Data-shuu (Japan),610-8094,,
DreamFlyer (Japan),HDR-0042,,
Dreamkey (Australia),673-01243,,
Dreamkey (Europe),833-0003-05,,
Dreamkey (Europe) (Rev B),832-0002-05, 833-0003-05,
Dreamkey (France),833-0004-09,,
Dreamkey (France) (Rev A),833-0004-09,,
Dreamkey (India),673-02117,,
"Dreamkey 3.0 (Europe) (En,Fr,De,It)",832-0068-50,,
Dreamkey 3.1 (Portugal),832-0069-46,,
Dreamkey 3.1 (Spain),832-0069-06,,
Dreamkey Versao 2.0 (Portugal),832-0046-46,,
Dreamkey Version 1.5 (Europe),832-0022-05,,
Dreamkey Version 1.5 (France),832-0022-09, 833-0018-09,
Dreamkey Version 1.5 (Spain),832-0022-06,,
Dreamkey Version 2.0 (Europe),832-0045-46,,
"Dreamkey Version 2.0 (Europe) (En,Fr,De,Es,It)",832-0053-50,,
"Dreamon Collection 2 (Europe) (En,Fr,De,Es)",832-0021-50, 833-0021-50,
"Dreamon Collection 3 (Europe) (En,Fr,De,Es)",832-0026-50, 833-0022-50,
"Dreamon Collection 4 (Europe) (En,Fr,De,Es)",832-0040-50, 833-0030-50,
"Dreamon Volume 1 (Europe) (En,Fr,De,Es)",833-0002-50,,
"Dreamon Volume 10 (Europe) (En,Fr,De,Es)",832-0028-50,,
Dreamon Volume 10 (France),832-0031-09, 833-0026-09,
"Dreamon Volume 10 (Germany) (En,Fr,De,Es)",832-0027-50,,
"Dreamon Volume 11 (Europe) (En,Fr,De,Es)",832-0032-50, 833-0027-50,
"Dreamon Volume 12 (Europe) (En,Fr,De,Es)",832-0035-50,,
"Dreamon Volume 13 (Europe) (En,Fr,De,Es)",832-0038-50, 833-0029-50,
"Dreamon Volume 14 (Europe) (En,Fr,De,Es)",832-0043-50,,
"Dreamon Volume 15 (Europe) (En,Fr,De,Es)",832-0047-50, 833-0036-50,
"Dreamon Volume 16 (Europe) (En,Fr,De,Es)",832-0051-50, 833-0038-50,
"Dreamon Volume 17 (Europe) (En,Fr,De,Es)",832-0054-50, 833-0041-50,
"Dreamon Volume 18 (Europe) (En,Fr,De,Es)",832-0056-50,,
"Dreamon Volume 19 (Europe) (En,Fr,De,Es)",832-0060-50,,
"Dreamon Volume 2 (Europe) (En,Fr,De,Es)",832-0001-50,,
"Dreamon Volume 20 (Europe) (En,Fr,De,Es)",832-0062-50, 833-0046-50,
"Dreamon Volume 21 (Europe) (En,Fr,De,Es)",832-0064-50,,
"Dreamon Volume 22 (Europe) (En,Fr,De,Es)",832-0066-50,,
"Dreamon Volume 3 (Europe) (En,Fr,De,Es)",832-0006-71,,
"Dreamon Volume 4 (Europe) (En,Fr,De,Es)",832-0011-50,,
"Dreamon Volume 5 (Europe) (En,Fr,De,Es)",830-0011-50, 832-0012-50,
"Dreamon Volume 6 (Europe) (En,Fr,De,Es)",832-0015-50, 833-0012-50,
Dreamon Volume 7 & 8 (France),832-0025-50,,
"Dreamon Volume 7 (Europe) (En,Fr,De,Es)",832-0017-50,,
"Dreamon Volume 8 (Europe) (En,Fr,De,Es)",832-0019-50, 833-0015-50,
"Dreamon Volume 9 (Europe) (En,Fr,De,Es)",832-0023-50, 833-0019-50,
Dreamstud!o (Japan),HDR-0114,,
Ducati World - Racing Challenge (USA),T-8113N,,
"Ducati World (Europe) (En,Fr,De,It)",T-8121D-50,,
Dux (Europe) (Unl),,,
Dux Version 1.5 (Europe) (Unl),DXJC-1,,
"Dux Version 1.5 (USA, Japan) (Unl) (Rerelease)",,,
Dynamite Cop (Europe),MK-51013-50,,
Dynamite Cop! (USA),51013,,
Dynamite Deka 2 (Japan),HDR-0020,,
Dynamite Deka 2 (Japan) (Demo 1),610-7146,,
Dynamite Deka 2 (Japan) (Demo 2),610-7150,,
"Ecco the Dolphin - Defender of the Future (Europe) (En,Fr,De,Es)",MK-51033-50,,
Ecco the Dolphin - Defender of the Future (Japan),HDR-0103,,
"Ecco the Dolphin - Defender of the Future (USA) (En,Fr,De,Es)",51033,,
ECW Anarchy Rulz (Europe),T-8119D-50, T-8119D-59,
ECW Anarchy Rulz (USA),T-8114N,,
ECW Hardcore Revolution (Europe),T-8111D-05,,
ECW Hardcore Revolution (Germany),T-8116D-05,,
ECW Hardcore Revolution (USA),T-8112N,,
Eisei Meijin III - Game Creator Yoshimura Nobuhiro no Zunou (Japan),T-9503M,,
"Elansar (Europe) (En,Fr,De,Es) (Unl)",,,
Eldorado Gate Dai-1-kan (Japan),T-1223M,,
Eldorado Gate Dai-2-kan (Japan),T-1224M,,
Eldorado Gate Dai-3-kan (Japan),T-1225M,,
Eldorado Gate Dai-4-kan (Japan),T-1226M,,
Eldorado Gate Dai-5-kan (Japan),T-1227M,,
Eldorado Gate Dai-6-kan (Japan),T-1228M,,
Eldorado Gate Dai-7-kan (Japan),T-1229M,,
Elemental Gimmick Gear (Japan),T-14302M,,
Elemental Gimmick Gear (USA),T-41601N,,
Elysion - Eien no Sanctuary (Japan),T-20116M,,
Erde - Nezu no Ki no Shita de (Japan),T-19720M,,
Es (Japan) (Disc 1),T-45501M,,
Es (Japan) (Disc 2),T-45501M,,
Es (Japan) (Disc 3),T-45501M,,
"Escapee, The (USA, Japan) (En,Ja,Fr,De,Es,It) (Unl)",,,
Espion-Age-nts (Japan),T-38804M,,
Espion-Age-nts (Japan) (Tentou-you Demonstration Movie),610-7185,,
"ESPN International Track & Field (Europe) (En,Fr,De)",T-9504D-50,,
ESPN International Track & Field (USA),T-9509N,,
ESPN NBA 2Night (USA),T-9503N,,
Eternal Arcadia - Kuuzokuban (Japan),610-7810,,
Eternal Arcadia (Japan) (Demo),610-7918,,
Eternal Arcadia (Japan) (Disc 1),HDR-0076, HDR-0109,
Eternal Arcadia (Japan) (Disc 1) (@barai),HDR-0119,,
Eternal Arcadia (Japan) (Disc 2),HDR-0076, HDR-0109,
Eternal Arcadia (Japan) (Disc 2) (@barai),HDR-0119,,
"European Super League (Europe) (En,Fr,De,Es,It,Pt)",952-0149-50, T-7015D-50,
Eve Zero Kanzenban - Ark of the Matter (Japan) (Disc 1),T-39802M,,
Eve Zero Kanzenban - Ark of the Matter (Japan) (Disc 2),T-39802M,,
Ever 17 - The Out of Infinity - Premium Edition (Japan),T-19723M,,
Ever 17 - The Out of Infinity (Japan),T-19716M,,
Evil Dead - Hail to the King (Europe),T-10005D-05,,
Evil Dead - Hail to the King (France),T-10005D-80,,
Evil Dead - Hail to the King (USA),T-10003N,,
"Evil Twin - Cyprien's Chronicles (Europe) (En,Fr)",T-46605D-71,,
"Evil Twin - Cyprien's Chronicles (Europe) (En,Fr,De,Es,It)",T-46605D-80,,
Evolution - The World of Sacred Device (Europe),T-17705D-50,,
Evolution - The World of Sacred Device (USA),T-17706N,,
Evolution 2 - Far Off Promise (Europe),T-45005D-50,,
Evolution 2 - Far Off Promise (USA),T-17711N,,
"Exhibition of Speed (Europe) (En,Fr,De,Es,It,Nl)",T-22903D-50,,
Exodus Guilty Neos (Japan),T-44404M,,
"Expendable (USA) (En,Fr,De,Es,It)",T-15104N,,
"F1 Racing Championship (Europe) (En,Fr,De,Es,It)",T-17706D-50,,
"F1 World Grand Prix (Europe) (En,Fr,De,Es)",950-0017-50, T-3001D-50,
"F1 World Grand Prix (USA) (En,Fr,De,Es)",51030,,
F1 World Grand Prix for Dreamcast (Japan),T-3001M,,
F1 World Grand Prix for Dreamcast (Japan) (Rev A),T-3001M,,
"F1 World Grand Prix II for Dreamcast (Europe) (En,Fr,De,Es,It)",T-3002D-50,,
F1 World Grand Prix II for Dreamcast (Japan),T-3002M,,
F1 World Grand Prix II for Dreamcast (Japan) (Demo),610-7922,,
"F355 Challenge - Passione Rossa (Europe) (En,Fr,De,Es,It)",830-0174-50, T-8118D-50,
F355 Challenge - Passione Rossa (USA),T-8119N,,
F355 Challenge (Japan),HDR-0100,,
F355 Challenge (Japan) (Taikenban),610-7899,,
Fast Striker Ver. 1.5 (Europe) (Unl) (Rerelease),FSRE2-DC,,
Fatal Fury - Mark of the Wolves (USA),T-44306N,,
Feet of Fury (USA) (Unl),,,
"Fighting Force 2 (Europe) (En,Fr)",830-0083-05, T-36802D-05,
Fighting Force 2 (Germany),T-36802D-18,,
Fighting Force 2 (USA),T-36801N,,
Fighting Force 2 (USA) (Rev A),T-36801N,,
Fighting Vipers 2 (Europe) (Beta) (2000-12-26),952-0135-50,,
"Fighting Vipers 2 (Europe) (En,Ja,Fr,De,Es,It)",MK-51154-50,,
"Fighting Vipers 2 (Japan) (En,Ja)",HDR-0133,,
"Finding Teddy (USA, Japan) (Unl)",,,
Fire Pro Wrestling D (Japan),T-18804M,,
First Kiss Story (Japan) (Disc 1),T-46304M,,
First Kiss Story (Japan) (Disc 2),T-46304M,,
First Kiss Story II - Anata ga Iru kara (Japan) (Disc 1),T-46304M, T-46305M,
First Kiss Story II - Anata ga Iru kara (Japan) (Disc 2),T-46304M, T-46305M,
Fish Eyes + Wild (Japan),T-9105M,,
Flag to Flag (USA),51007,,
"Flashback (USA, Japan) (Unl)",,,
"Flintstones, The - Viva Rock Vegas (Europe) (En,Fr,De,Es,It) (Proto) (2001-09-19)",952-0174-50,,
Floigan Bros. - Episode 1 (Europe),MK-51114-50,,
Floigan Bros. - Episode 1 (USA),51114,,
For Symphony - With All One's Heart (Japan),T-37908M,,
Fragrance Tale (Japan),T-37904M,,
Frame Gride - Test Operation Disc (Japan),610-7123,,
Frame Gride (Japan),T-34201M,,
Freestyle Scooter (Europe),T-40214D-50, T-46604D-50,
Frogger 2 - Swampy's Revenge (USA),T-40604N,,
Fur Fighters (Europe) (Demo),D-0008-50,,
"Fur Fighters (Europe) (En,Fr,De,Es)",T-8113D-50,,
"Fur Fighters (USA) (En,Fr,De,Es) (Rev B)",T-8107N,,
Fur Fighters + Dead or Alive 2 (Europe) (Demo),D-0009-50,,
Fushigi no Dungeon - Fuurai no Shiren Gaiden - Onna Kenshi Asuka Kenzan! (Japan),HDR-0187,,
"FX Unit Yuki (USA, Japan) (Unl)",,,
GaiaMaster - Kessen! Seiki-ou Densetsu (Japan),T-1212M,,
Gakkyuu-ou Yamazaki - Yamazaki Oukoku Daifunsou! (Japan),HDR-0050,,
GameShark CDX (USA) (Unl),,,
GameShark CDX (USA) (Unl) (Final Version),DC GameShark CDX: I-20802,,
GameShark Lite Version 4.0 (USA) (Unl),G-20821SM,,
GameShark Video Game Enhancer - Upgrade Disk (USA) (Unl),,,
Ganbare! Nippon! Olympic 2000 (Japan),T-9511M,,
"Ganryu (USA, Japan) (Unl)",,,
Garou - Mark of the Wolves (Japan),T-3108M, T-47302M,
"Gauntlet Legends (Europe) (En,Fr,De)",830-0143-50, T-9707D-50,
Gauntlet Legends (USA),T-9710N,,
Generator Vol. 1 (Japan),610-7392,,
Generator Vol. 1 (USA),51034, SDC-00000,
Generator Vol. 2 (USA),51057,,
Get Bass (Japan),HDR-0023,,
Get Bass (Japan) (Taikenban),610-7119,,
Get Bass 2 (Japan),HDR-0169,,
Get!! Colonies (Japan),HDR-0071,,
Ghost Blade (Europe) (Unl) (Limited Edition),TGBLE-JP,,
"Ghost Blade (USA, Japan) (Unl) (Rerelease)",,,
Giant Gram - Zen Nihon Pro Wres 2 in Nihon Budoukan (Japan),HDR-0005,,
Giant Gram 2000 - Zen Nihon Pro Wres 3 Eikou no Yuusha-tachi (Japan),HDR-0101,,
Giant Killers (Europe) (Beta) (2001-01-09),952-0143-50,,
GigaWing (Europe),T-7008D-50,,
GigaWing (Japan),T-1208M,,
GigaWing (Japan) (Tentou Taikenban),610-7358,,
GigaWing (USA),T-1209N,,
GigaWing 2 (Japan),T-1239M,,
GigaWing 2 (Japan) (Tentou Taikenban),610-7992,,
GigaWing 2 (USA),T-1222N,,
GK - Giant Killers (Europe),T-45401D-50,,
Godzilla Generations - Maximum Impact (Japan),HDR-0047,,
Godzilla Generations (Japan),HDR-0004,,
Golem no Maigo (Japan),T-41501M,,
Golf Shiyou yo - Course Data-shuu - Adventure-hen (Japan),T-40904M,,
Golf Shiyou yo (Japan) (Rev A),T-40901M,,
Golf Shiyou yo (Japan) (Rev B),T-40901M,,
Golf Shiyou yo 2 - Aratanaru Chousen (Japan),T-44501M,,
"Grand Theft Auto 2 (Europe) (En,Fr,De,Es,It)",T-40502D-18,,
Grand Theft Auto 2 (France),T-40502D-09,,
Grand Theft Auto 2 (USA),T-42102N,,
Grandia II (Europe),952-0133-50, T-17715D-50,
Grandia II (Japan),T-4502M, T-4503M,
Grandia II (Japan) (Tentou-you Demo),610-7878,,
Grandia II (USA),T-17716N,,
Grauen no Torikago - Kapitel 1 - Keiyaku (Japan),HDR-0033,,
Grauen no Torikago - Kapitel 2 - Torikago (Japan),HDR-0034,,
Grauen no Torikago - Kapitel 3 - Kansei (Japan),HDR-0035,,
Grauen no Torikago - Kapitel 4 - Kaikou (Japan),HDR-0036,,
Grauen no Torikago - Kapitel 5 - Shokuzai (Japan),HDR-0037,,
Grauen no Torikago - Kapitel 6 - Senritsu (Japan),HDR-0038,,
"Grinch, The (Europe) (En,Fr,De,Es,It)",830-0151-50, T-9503D-50,
"Grinch, The (USA) (En,Fr,Es)",T-9512N,,
Guilty Gear X (Japan) (Rev A),T-2401M, T-2402M,
Guilty Gear X (Japan) (Taikenban),610-7937,,
Gunbird 2 (Europe),T-7018D-50,,
Gunbird 2 (Japan),T-1213M,,
Gunbird 2 (USA),T-1214N,,
Gundam Battle Online - Trial Edition (Japan),610-8039,,
Gundam Battle Online (Japan),T-13304M,,
Gundam Side Story 0079 - Rise from the Ashes - Premium Disc (Japan),610-7160,,
Gundam Side Story 0079 - Rise from the Ashes - Special Edition (Japan),T-13303M,,
Gundam Side Story 0079 - Rise from the Ashes (Japan),T-13301M,,
Gundam Side Story 0079 - Rise from the Ashes (USA),T-13301N,,
Gunlord (Europe) (Unl),,,
Gunspike (Japan),T-1219M,,
Gunspike (Japan) (Tentou Taikenban),610-7982,,
Guru Guru Onsen 2 (Japan),HDR-0168,,
Guru Guru Onsen 3 (Japan),HDR-0195,,
Hang the DJ (Japan),MJCYX-80002,,
Happy Breeding (Japan),T-46512M,,
Happy Lesson - First Lesson (Japan),T-19504M,,
Happy Lesson (Japan),T-19503M,,
Harusame Youbi (Japan),T-20106M,,
"Headhunter (Europe) (En,Fr,De,Es) (Disc 1)",MK-51041-50,,
"Headhunter (Europe) (En,Fr,De,Es) (Disc 2)",MK-51041-50,,
"Heavy Metal - Geomatrix (Europe) (En,Fr,De,Es)",T-46602D-50,,
Heavy Metal - Geomatrix (Japan),T-1246M,,
Heavy Metal - Geomatrix (USA),T-1223N,,
Heisei Mahjong-sou (Japan),T-2202M, T-2203M,
Hello Kitty no Dream Passport 2 (Japan),610-7349,,
Hello Kitty no Garden Panic (Japan),610-7381,,
Hello Kitty no Lovely Fruit Park (Japan),HDR-0055,,
Hello Kitty no Magical Block (Japan),HDR-0070,,
Hello Kitty no Otonaru Mail (Japan),HDR-0065,,
Hello Kitty no Waku Waku Cookies (Japan),HDR-0090,,
Hermes (Europe) (Unl),,,
"Hidden & Dangerous (Europe) (En,Fr,De,Es)",T-40503D-50,,
Hidden & Dangerous (USA),T-40502N,,
Himitsu - Original Sound Track (Japan),WPCV-10045,,
Himitsu - Yui ga Ita Natsu (Japan),T-46101M,,
"House of the Dead 2, The (Europe) (En,Fr,De,Es)",MK-51002-50,,
"House of the Dead 2, The (Japan)",HDR-0007, HDR-0011,
"House of the Dead 2, The (Japan) (Rev A)",HDR-0007,,
"House of the Dead 2, The (Japan) (Rev B)",HDR-0011,,
"House of the Dead 2, The (Japan, Europe) (Taikenban)",610-7118,,
"House of the Dead 2, The (USA)",51002,,
Hoyle Casino (USA),T-11008N,,
Hundred Swords (Japan),HDR-0124,,
Hundred Swords (Japan) (@barai),HDR-0127,,
Hydro Thunder (Europe),T-9702D-50, T-9702D-51,
Hydro Thunder (USA),T-9702N,,
Hydro Thunder (USA) (Rev 1),T-9702N,,
Idol Janshi o Tsukucchaou (Japan),T-5703M,,
Ikaruga (Japan),T-38706M,,
"Illbleed (Japan) (En,Ja)",T-45601M,,
Illbleed (Taiwan),T-45601M-11,,
Illbleed (USA),T-46001N,,
Imakoso!! Dreamcast with Special GD!! (Japan),610-7993,,
Imperial no Taka - Fighter of Zero (Japan),T-43501M,,
Incoming - Jinrui Saishuu Kessen (Japan),T-15001M,,
"Incoming (Europe) (En,Fr,De,Es,It)",T-40701D-50,,
Incoming (USA),T-12503N,,
Industrial Spy - Operation Espionage (USA),T-41302N,,
Inhabitants (USA) (Unl),,,
Inoue Ryouko - Last Scene (Japan),T-19506M,,
Inoue Ryouko - Roommate (Japan),T-19505M,,
Interlude (Japan),T-20117M, T-20127M,
Internet Browser V3.0 for Dreamcast (USA),T-31901N,,
"Intrepid Izzy (USA, Japan) (Unl)",,,
Irides - Master of Blocks (USA) (Unl),,,
Iris (Japan),T-19722M,,
Iron Aces (Europe),T-44904D-50,,
Iron Aces (USA),T-15129N,,
Izumo (Japan),T-46902M,,
J.League Pro Soccer Club o Tsukurou! (Japan),HDR-0028,,
J.League Pro Soccer Club o Tsukurou! Tokusei Otanoshimi File Download Disc (Japan),610-7383,,
J.League Spectacle Soccer (Japan),HDR-0154,,
Jahmong (Japan),T-43401M,,
"Jeremy McGrath Supercross 2000 (Europe) (En,Fr,De)",T-8114D-50,,
Jeremy McGrath Supercross 2000 (USA),T-8104N,,
Jet Coaster Dream (Japan),T-40902M,,
Jet Coaster Dream 2 (Japan),T-41201M,,
Jet Grind Radio (USA),51058, 51084,
"Jet Set Radio (Europe) (En,Fr,De,Es)",MK-51058-50,,
Jet Set Radio (Japan),HDR-0078,,
Jikkyou Powerful Pro Yakyuu - Dreamcast Edition (Japan),T-9507M,,
"Jimmy White's 2 - Cueball (Europe) (En,Fr,De,Es,It)",T-7001D-50,,
Jinsei Game for Dreamcast (Japan),T-10301M,,
Jissen Pachi-Slot Hisshouhou! @ VP@CHI - Kongdom (Japan),T-18801M,,
Jojo no Kimyou na Bouken - Mirai e no Isan (Japan),T-1205M,,
Jojo no Kimyou na Bouken - Mirai e no Isan (Japan) (Tentou Taikenban),610-7357,,
Jojo no Kimyou na Bouken - Mirai e no Isan for Matching Service (Japan),T-1231M,,
JoJo's Bizarre Adventure (Europe),T-7007D-50,,
JoJo's Bizarre Adventure (USA),T-1206N,,
JRA PAT for Dreamcast V40 L10 (Japan),T-42501M,,
JRA PAT for Dreamcast V40 L11 (Japan),T-42501M,,
JRA PAT for Dreamcast V40 L12 (Japan),T-42501M,,
JRA PAT for Dreamcast V50 L10 (Japan),HDR-0204,,
July (Japan),T-35401M,,
July (Japan) (Rev A),T-35401M,,
Kaen Seibo - The Virgin on Megiddo (Japan) (Disc 1),T-42802M,,
Kaen Seibo - The Virgin on Megiddo (Japan) (Disc 2),T-42802M,,
Kaitou Apricot (Japan),T-37910M,,
Kanon (Japan),T-20105M,,
Kao the Kangaroo (Europe) (Demo),952-0100-50,,
"Kao the Kangaroo (Europe) (En,Fr,De,Es,It)",T-22902D-50,,
"Kao the Kangaroo (USA) (En,Es)",T-22903N,,
Karat DC-you - Pro Action Replay (Japan) (Unl),,,
Karat DC-you - Pro Action Replay 2 (Japan) (Unl),KRT DCPAR2,,
Karat DC-you - Pro Action Replay DC PAR - Sampler - Nyuumon-hen (Japan) (Unl),KRT-SDC01,,
Karous (Japan),T-47803M,,
Kaze no Uta (Japan),T-47501M,,
Kidou Senkan Nadesico - Nadesico the Mission - Special Disc (Japan) (Demo),610-7183,,
Kidou Senkan Nadesico - Nadesico the Mission (Japan),T-27901M,,
Kidou Senshi Gundam - Gihren no Yabou - Zeon no Keifu (Japan) (Disc 1) (Earth Federation Disc),T-13305M,,
Kidou Senshi Gundam - Gihren no Yabou - Zeon no Keifu (Japan) (Disc 2) (Zeon Disc),T-13305M,,
Kidou Senshi Gundam - Renpou vs. Zeon & DX (Japan) (Disc 1) (Kidou Senshi Gundam - Renpou vs. Zeon),T-13306M,,
Kidou Senshi Gundam - Renpou vs. Zeon & DX (Japan) (Disc 2) (Kidou Senshi Gundam - Renpou vs. Zeon DX),T-13306M,,
Kimi ga Nozomu Eien (Japan),T-47102M,,
Kindan no Pet - Seaman - Gasse Hakase no Jikken-tou (Japan),T-39402M,,
Kindan no Pet - Seaman - Gasse Hakase no Jikken-tou (Japan) (2001-nen Taiouban) (Rev A),T-39405M,,
Kindan no Pet - Seaman - Gasse Hakase no Jikken-tou (Japan) (Rev A),T-39401M,,
"King of Fighters 2000, The (Japan)",T-47303M,,
"King of Fighters 2001, The (Japan)",T-47304M,,
"King of Fighters 2002, The (Japan) (En,Ja)",T-47305M,,
"King of Fighters '99, The - Evolution (Japan)",T-3102M,,
"King of Fighters, The - Dream Match 1999 (Japan) (En,Ja,Es,Pt)",T-3101M,,
"King of Fighters, The - Dream Match 1999 (USA) (En,Ja,Es,Pt)",T-3101N,,
"King of Fighters, The - Evolution (USA) (En,Ja,Es,Pt)",T-44302N,,
KISS Psycho Circus - The Nightmare Child (Europe),T-40506D-50,,
KISS Psycho Circus - The Nightmare Child (USA),T-41901N,,
Kita e. Photo Memories (Japan),T-14306M,,
Kita e. White Illumination - Pure Songs and Pictures (Japan),ZMCZ-656,,
Kita e. White Illumination (Japan),T-14301M,,
Kitahei Gold (Japan),T-39801M,,
Kiteretsu Boy's Gangagan (Japan),HDR-0064,,
Konohana - True Report (Japan),T-9905M,,
Konohana 2 - Todokanai Requiem (Japan),T-9906M,,
Kuon no Kizuna - Sairinshou (Japan),T-36701M,,
Kuon no Kizuna - Sairinshou (Japan) (Rev A),T-36701M,,
L.O.L. - Lack of Love (Japan),T-2106M,,
Lake Masters Pro - Dreamcast Plus! (Japan),T-42401M,,
Langrisser Millennium (Japan),T-2501M,,
"Last Blade 2, The - Heart of the Samurai (USA)",T-44305N,,
Last Hope - Pink Bullets (Europe) (Unl),LHPBRE2-DC,,
Last Hope (Europe) (Unl),NGDT DC-300J,,
"Le Mans 24 Hours (Europe) (En,Fr,De,Es,It)",952-0103-50, T-15111D-50,
Le Mans 24 Hours (Japan),HDR-0149,,
Legacy of Kain - Soul Reaver (Europe),952-0038-05, T-36803D-05,
Legacy of Kain - Soul Reaver (France),T-36803D-09,,
Legacy of Kain - Soul Reaver (Germany),T-36803D-18,,
Legacy of Kain - Soul Reaver (Italy),T-36803D-13,,
Legacy of Kain - Soul Reaver (Spain),T-36803D-06,,
Legacy of Kain - Soul Reaver (USA),T-36802N,,
Leona's Tricky Adventures (Europe) (Unl),,,
"Looney Tunes - Space Race (Europe) (En,Fr,De,Es,It,Nl)",T-15108D-50,,
"Looney Tunes - Space Race (USA) (En,Fr,Es)",T-15116N,,
Love Hina - Smile Again (Japan),HDR-0139,,
Love Hina - Totsuzen no Engage Happening (Japan),HDR-0102, HDR-0112,
Maboroshi Tsukiyo (Japan),T-4401M,,
Maboroshi Tsukiyo (Japan) (Taikenban),610-7186,,
Macross M3 (Japan),T-21501M, T-21502M,
Macross M3 (Japan) (Demo),610-7961,,
"MagForce Racing (Europe) (En,Fr,De,Es,It)",T-40207D-50,,
"MagForce Racing (USA) (En,Fr,De,Es,It)",T-40208N,,
Magic - The Gathering (Japan),HDR-0116,,
"Magic Pockets (USA, Japan) (Unl)",,,
Mahjong Taikai II Special (Japan),T-7601M,,
Majo no Ochakai (Japan),T-20124M, T-20126M,
"Maken X (Europe) (En,Fr,De,Es)",MK-51050-50,,
Maken X (Japan),T-14401M,,
Maken X (USA),51050,,
Maqiupai (USA) (Unl),,,
Margi - Marginal (Japan),T-46514M,,
Marie & Elie no Atelier - Salburg no Renkinjutsushi 1 & 2 (Japan) (Game Disc),T-44701M,,
Marie & Elie no Atelier - Salburg no Renkinjutsushi 1 & 2 (Japan) (Game Disc) (Rev A),T-44701M,,
Marie & Elie no Atelier - Salburg no Renkinjutsushi 1 & 2 (Japan) (Omake Disc),T-44701M,,
Marie & Elie no Atelier - Salburg no Renkinjutsushi 1 & 2 (Japan) (Omake Disc) (Rev A),T-44701M,,
Marionette Company (Japan),T-5201M,,
Marionette Company 2 Chu! (Japan),T-5203M,,
Marionette Handler (Japan),T-2201M,,
Marionette Handler 2 (Japan),T-2204M,,
"Mars Matrix (Japan) (En,Ja)",T-1238M,,
Mars Matrix (USA),T-1221N,,
Marvel vs. Capcom - Clash of Super Heroes (Europe),T-7002D-50,,
Marvel vs. Capcom - Clash of Super Heroes (Japan),T-1202M,,
Marvel vs. Capcom - Clash of Super Heroes (Japan) (Tentou Taikenban),610-7121,,
Marvel vs. Capcom - Clash of Super Heroes (USA),T-1202N,,
Marvel vs. Capcom 2 - New Age of Heroes (Europe),T-7010D-50,,
Marvel vs. Capcom 2 - New Age of Heroes (Japan),T-1215M,,
Marvel vs. Capcom 2 - New Age of Heroes (Japan) (Tentou Taikenban),610-7807,,
Marvel vs. Capcom 2 (USA),T-1212N,,
Mat Hoffman's Pro BMX (USA),T-13005N,,
Max Steel - Covert Missions (USA),T-41402N,,
Maximum Pool (USA),T-11002N,,
"MDK2 (Europe) (En,Fr,De,Es,It)",T-12501D-50,,
MDK2 (USA),T-12502N,,
Mei Puru (Japan),T-46510M,,
Memories Off 2nd - Making Disc (Japan),T-19708M,,
Memories Off 2nd - Promotion Disc (Japan),T-19705M,,
Memories Off 2nd (Japan),T-19708M,,
Memories Off Complete (Japan),T-19702M,,
Mercurius Pretty - End of the Century (Japan),T-20103M,,
Metal Wolf (Japan),T-46506M,,
Microsoft WebTV Setsuzoku Kit (Japan),610-7117,,
Microsoft WebTV Setsuzoku Kit (Japan) (128bit SSL Taiouban),610-7390, 610-7391,
Midway's Greatest Arcade Hits - Volume 1 (Europe),830-0142-50, T-9710D-50,
Midway's Greatest Arcade Hits - Volume 1 (USA),T-9713N,,
Midway's Greatest Arcade Hits - Volume 2 (USA),T-9714N,,
Milky Season (Japan),T-19713M,,
"Millennium Soldier - Expendable (Europe) (En,Fr,De,Es,It)",T-15101D-50,,
Miss Moonlight (Japan),T-18702M,,
Missing Parts - The Tantei Stories (Japan),T-36702M,,
Missing Parts 2 - The Tantei Stories (Japan),T-36703M,,
Missing Parts 3 - The Tantei Stories (Japan),T-36704M,,
Mizuiro (Japan),T-20114M, T-20115M,
Moekan (Japan),T-46515M,,
Moero! Justice Gakuen (Japan),T-1221M,,
Moero! Justice Gakuen (Japan) (Demo),610-7970,,
"MoHo (Europe) (En,Fr,De)",T-40508D-50,,
Monaco Grand Prix (USA),T-17701N,,
Monaco Grand Prix Racing Simulation 2 (Japan),T-17701M,,
Morita no Saikyou Reversi (Japan),T-39102M,,
Morita no Saikyou Reversi (Japan) (Tentou Taikenban),610-7132,,
Morita no Saikyou Shougi (Japan),T-39101M,,
Mortal Kombat Gold (Europe),T-9701D-50, T-9701D-61,
Mortal Kombat Gold (USA),T-9701N,,
Mortal Kombat Gold (USA) (Rev 1),T-9701N,,
Motto Pro Yakyuu Team o Tsukurou! (Japan) (Rev A),HDR-0092,,
Motto Pro Yakyuu Team o Tsukurou! (Japan) (Rev B),HDR-0092,,
MP3 DC - Use MP3 Audio CD's on Your Dreamcast (Europe) (Unl),,,
MP3 DC - Use MP3 Audio CD's on Your Dreamcast (USA) (Unl),,,
MP3 DC - Use MP3 Audio CD's on Your Dreamcast (USA) (Unl) (Pelican Accessories),,,
"Mr. Driller (Europe) (En,Fr,De,Es,It)",T-7020D-50,,
Mr. Driller (Japan),T-1402M,,
Mr. Driller (USA),T-1402N,,
Ms. Pac-Man Maze Madness (USA),T-1404N,,
"MSR - Metropolis Street Racer (Europe) (En,Fr,De,Es)",952-0042-50, MK-51022-50,
"MSR - Metropolis Street Racer (Europe) (En,Fr,De,Es) (Rev A)",MK-51022-50,,
"MSR - Metropolis Street Racer (Europe) (En,Fr,De,Es) (Rev B)",MK-51022-50,,
MSR - Metropolis Street Racer (USA) (Rev A),51012,,
MSR Opel Challenge (Europe) (Beta) (1999-05-19),952-0081-50,,
MTV Sports - Skateboarding featuring Andy Macdonald (Europe),T-10001D-50,,
MTV Sports - Skateboarding featuring Andy Macdonald (USA),T-10004N,,
Musapey's Choco Marker (Japan),T-23203M,,
My Merry May (Japan),T-19714M,,
My Merry Maybe (Japan) (Disc 1),T-19719M,,
My Merry Maybe (Japan) (Disc 2),T-19719M,,
Nakoruru - Ano Hito kara no Okurimono (Japan),T-44702M,,
Namco Museum (USA),T-1403N,,
Nanatsu no Hikan - Senritsu no Bishou (Japan),T-7604M,,
Napple Tale - Arsia in Daydream (Japan),HDR-0079,,
"NBA 2K (Europe) (En,Fr,De,Es)",952-0036-50, MK-51004-53,
NBA 2K (Japan),HDR-0069,,
NBA 2K (USA),51004,,
NBA 2K1 (Japan),HDR-0150,,
NBA 2K1 (USA),51063,,
NBA 2K2 (Europe),MK-51178-50,,
NBA 2K2 (Japan),HDR-0197,,
NBA 2K2 (USA),51178,,
"NBA Hoopz (Europe) (En,Fr,De)",T-9713D-50,,
NBA Hoopz (USA),T-9709N,,
NBA Showtime - NBA on NBC (Europe),T-9705D-50,,
NBA Showtime - NBA on NBC (USA),T-9706N,,
NCAA College Football 2K2 - Road to the Rose Bowl (USA),51176,,
"Neo Golden Logres (Japan) (En,Ja)",T-9904M,,
Neo XYX (Europe) (Unl),,,
Neppachi - 10-ren Chan de Las Vegas Ryokou (Japan) (Rev A),T-41002M,,
Neppachi II - CR Harenchi Gakuen (Japan),T-41003M,,
Neppachi III - CR Dokonjou Gaeru 2 - CR Dokonjou Gaeru H (Japan),T-41004M,,
Neppachi IV - CR Aa!! Hana no Ouendan 3 (Japan),T-41005M,,
Neppachi V - CR Monster House (Japan),T-41006M,,
Neppachi VI - CR Otakara Tankentai (Japan),T-41007M,,
Net de Para (Japan),T-37903M,,
Net de Tennis (Japan),T-1234M,,
Net Versus - Chess (Japan),T-45706M,,
Net Versus - Gomoku Narabe to Renju (Japan),T-45705M,,
Net Versus - Hanafuda (Japan),T-45704M,,
Net Versus - Igo (Japan),T-45703M,,
Net Versus - Mahjong (Japan),T-45701M,,
Net Versus - Reversi (Japan),T-45707M,,
Net Versus - Shougi (Japan),T-45702M,,
Nettou Golf (Japan),HDR-0006,,
Never 7 - The End of Infinity (Japan),T-19703M,,
Newpowered Generation 1 (UK),,,
"Next Tetris, The - On-Line Edition (USA)",T-40214N,,
"Next Tetris, The (Europe)",T-17717D-50,,
NFL 2K (Japan),HDR-0058, HDR-0141,
NFL 2K (USA),51003,,
NFL 2K1 (Japan),HDR-0144,,
NFL 2K1 (USA),51062,,
NFL 2K2 (Japan),HDR-0196,,
NFL 2K2 (USA),51168,,
NFL Blitz 2000 (Europe),830-0052-50, T-9703D-50,
NFL Blitz 2000 (USA),T-9703N,,
NFL Blitz 2000 (USA) (Rev 1),T-9703N,,
NFL Blitz 2001 (USA),T-9712N,,
NFL QB Club 2001 (USA),T-8115N,,
NFL Quarterback Club 2000 (Europe),T-8102D-18, T-8102D-50,
NFL Quarterback Club 2000 (USA),T-8101N,,
NHL 2K (Europe),MK-51025-50,,
NHL 2K (USA),51025,,
NHL 2K2 (Japan),HDR-0199,,
NHL 2K2 (USA),51182,,
"Nightmare Creatures II (Europe) (En,Fr,De,Es)",T-9502D-50, T-9502D-76,
Nightmare Creatures II (USA),T-9504N,,
Nihon Pro Mahjong Renmei Kounin - Tetsuman Menkyokaiden (Japan),T-18701M,,
Nijuuei (Japan),T-46505M,,
Nobunaga no Yabou - Reppuuden (Japan),T-7605M,,
Nobunaga no Yabou - Shouseiroku with Power-Up Kit (Japan),T-7602M,,
"Nomad Soul, The (Europe) (En,Fr,De,Es,It)",T-36805D-61,,
"Nomad Soul, The (France) (En,Fr,De,Es,It)",T-36805D-09,,
"Nomad Soul, The (Germany)",T-36805D-18,,
"Non Casual Encounter - Prologue (USA, Europe) (Unl)",,,
Official Sega Dreamcast Magazine Vol. 10 - January 2001 (USA),IGN10,,
Official Sega Dreamcast Magazine Vol. 11 - February 2001 (USA),,,
Official Sega Dreamcast Magazine Vol. 2 - November 1999 (USA),IGN1,,
Official Sega Dreamcast Magazine Vol. 3 - January 2000 (USA),IGN2,,
Official Sega Dreamcast Magazine Vol. 4 - March 2000 (USA),IGN3,,
Official Sega Dreamcast Magazine Vol. 5 - May 2000 (USA),,,
Official Sega Dreamcast Magazine Vol. 6 - July 2000 (USA),IGN6,,
Official Sega Dreamcast Magazine Vol. 7 - September 2000 (USA),IGN7,,
Official Sega Dreamcast Magazine Vol. 8 - November 2000 (USA),IGN8,,
Official Sega Dreamcast Magazine Vol. 9 - December 2000 (USA),IGN9,,
"Omikron - The Nomad Soul (USA) (En,Fr,De,Es,It)",T-36807N,,
Omoide ni Kawaru Kimi - Memories Off (Japan),T-19718M,,
Ooga Booga (USA),51140,,
Oogami Ichirou Funtou-ki - Sakura Taisen Kayou Show Beni Tokage yori (Japan) (Disc 1),HDR-0057,,
Oogami Ichirou Funtou-ki - Sakura Taisen Kayou Show Beni Tokage yori (Japan) (Disc 2),HDR-0057,,
Orange Pocket - Cornet (Japan),T-18707M, T-18708M,
"Orion's Puzzle Collection (Europe) (En,Fr) (Unl)",,,
"O-to-i-re - Dreamcast Sequencer (Japan) (En,Ja)",T-32801M,,
Ouka Houshin - Ouka Sakishi Toki (Japan),T-38704M,,
"Outtrigger (Europe) (En,Fr,De,Es)",MK-51102-50,,
Outtrigger (Japan),HDR-0118,,
Outtrigger (USA),51102,,
Pachinko no Dendou - CR Nanasy (Japan),T-5205M,,
Pachi-Slot Teiou - Dream Slot - Heiwa SP (Japan),T-20501M,,
Pachi-Slot Teiou - Dream Slot - Olympia SP (Japan),T-20502M,,
Pandora no Yume (Japan),T-20119M, T-20120M,
"Panzer Front (Japan) (En,Ja)",T-2102M,,
Patissier na Nyanko - Hatsukoi wa Ichigo Aji (Japan),T-18709M, T-18710M,
"PenPen (Europe) (En,Fr,De,Es,It,Nl)",T-15103D-50,,
PenPen TriIcelon (Japan) (Rev A),T-17001M,,
PenPen TriIcelon (Japan) (Taikenban),610-7102,,
PenPen TriIcelon (Japan) (Tentou Taikenban),610-7038,,
PenPen TriIcelon (USA),T-15105N,,
"Phantasy Star Online (Europe) (En,Ja,Fr,De,Es) (Rev 1)",MK-51100-50,,
Phantasy Star Online (Japan) (Demo),610-7978,,
"Phantasy Star Online (Japan) (En,Ja,Fr,De,Es)",HDR-0129,,
Phantasy Star Online (Japan) (Tentou-you Demo Movie),610-7990,,
"Phantasy Star Online (USA) (En,Ja,Fr,De,Es) (Rev B)",51100,,
"Phantasy Star Online Ver. 2 (Europe) (En,Ja,Fr,De,Es)",952-0176-50, MK-51193-50,
"Phantasy Star Online Ver. 2 (Japan) (En,Ja,Fr,De,Es)",HDR-0163,,
"Phantasy Star Online Ver. 2 (USA) (En,Ja,Fr,De,Es)",51193,,
"Philia - The Sequel to Elansar (Europe) (En,Fr) (Unl)",,,
Pia Carrot e Youkoso!! 2.5 (Japan) (Disc 1) (Pia Carrot e Youkoso!! 2),T-20109M, T-20121M,
Pia Carrot e Youkoso!! 2.5 (Japan) (Disc 2) (Pia Carrot e Youkoso!! 2.2),T-20109M,,
Pia Carrot e Youkoso!! 3 (Japan),T-20110M,,
Pier Solar and the Great Architects (USA) (Unl),T-574276,,
Pizzicato Polka - Ensa Gen'ya (Japan),T-19724M,,
Planet DC Cheats Band 1 fuer Dreamcast (Germany) (Unl),,,
Planet DC Cheats Band 2 fuer Dreamcast (Germany) (Unl),,,
Planet DC Cheats Band 3 fuer Dreamcast (Germany) (Unl),,,
"Planet Ring (Europe) (En,Fr,De,Es)",MK-51125-50, MK-51225-50,
Plasma Sword - Nightmare of Bilstein (Europe),T-7003D-50,,
Plasma Sword - Nightmare of Bilstein (USA),T-1207N,,
Plus Plumb (Japan),T-37901M,,
"Pocke-Kano - Yumi, Shizuka, Fumio (Japan)",T-19501M,,
POD - Speedzone (USA),T-17713N,,
POD 2 - Multiplayer Online (Europe),T-17710D-50,,
Pop'n Music (Japan),T-9501M,,
Pop'n Music 2 (Japan),T-9590M,,
Pop'n Music 3 - Append Disc (Japan),T-9591M,,
Pop'n Music 4 - Append Disc (Japan),T-9592M,,
Power Jet Racing 2001 (Japan),T-6806M,,
Power Smash - Sega Professional Tennis (Japan),HDR-0113,,
Power Smash - Sega Professional Tennis (Japan) (Demo 1),610-7958,,
Power Smash - Sega Professional Tennis (Japan) (Demo 2),610-7973,,
Power Smash 2 - Sega Professional Tennis (Japan),HDR-0177,,
"Power Smash 2 - Sega Professional Tennis (Japan) (En,Ja,Fr,De,Es) (Demo)",610-8092,,
Power Stone (Europe),T-36801D-50,,
Power Stone (Japan),T-1201M,,
Power Stone (Japan) (Tentou Taikenban),610-7115,,
Power Stone (USA),T-1201N,,
Power Stone (USA) (Demo),T-1201N,,
Power Stone 2 (Europe),T-36812D-50, T-36812D-61,
Power Stone 2 (Japan),T-1218M,,
Power Stone 2 (Japan) (Tentou-you Demo Movie),610-7808,,
Power Stone 2 (USA),T-1211N,,
Prince of Persia - Arabian Nights (USA),T-41405N,,
Princess Holiday - Korogaru Ringo Tei Sen'ya Ichiya (Japan),T-47105M,,
Princess Maker Collection (Japan),T-44801M,,
Prism Heart - Gaiden Disc - Ken ni Kometa Omoi (Japan),T-19711M,,
Prism Heart (Japan),T-19711M,,
Prismaticallization (Japan),T-22002M,,
Pro Mahjong Kiwame D (Japan),T-16801M,,
Pro Pinball Trilogy (Europe),T-30701D-50,,
Pro Yakyuu Team de Asobou Net! (Japan) (Rev A),HDR-0091,,
Pro Yakyuu Team de Asobou! (Japan),HDR-0027,,
Pro Yakyuu Team de Asobou! (Japan) (Demo),610-7385,,
Pro Yakyuu Team de Asobou! (Japan) (Tokubetsuban),610-7350,,
Pro Yakyuu Team o Tamesou! (Japan) (Famitsu Tokubetsuban),610-7159,,
Pro Yakyuu Team o Tsukurou! & Asobou! (Japan),HDR-0173,,
Pro Yakyuu Team o Tsukurou! (Japan) (Rev B),HDR-0022,,
Pro Yakyuu Team o Tsukurou! (Japan) (Rev E),HDR-0022,,
Project Berkley (Japan),HDR-0002,,
Project Justice - Rival Schools 2 (Europe),T-7022D-50,,
Project Justice (USA),T-1219N,,
Propeller Arena (USA) (Proto),,,
Psychic Force 2012 (Europe),T-8106D-50,,
Psychic Force 2012 (Japan),T-1101M,,
Psychic Force 2012 (Japan) (Taikenban),610-7112,,
Psychic Force 2012 (USA),T-31101N,,
Psyvariar 2 - The Will to Fabricate (Japan),T-9907M,,
Puyo Puyo Da! Featuring Ellena System (Japan),T-6601M,,
"Puyo Puyo Fever (Japan) (En,Ja)",HDR-0216, HDR-0217,
Puyo Puyoon (Japan),HDR-0014,,
Puyo Puyoon (Japan) (Taikenban),610-7109,,
Puzzle Bobble 4 (Japan),T-42301M,,
Q-bert (USA),T-40403N,,
"Quake III - Arena (Europe) (En,Fr,De,Es)",MK-51061-50,,
Quake III - Arena (USA),51061,,
Qui Veut Gagner des Millions (France),T-36811D-09,,
Quiz Aa Megami-sama - Tatakau Tsubasa to Tomoni (Japan),HDR-0105, HDR-0123,
Quiz Aa Megami-sama - Tatakau Tsubasa to Tomoni (Japan) (Tokubetsu Omake GD-ROM),HDR-0123,,
R7 - Regulation 7 (Japan),610-7726, T-42001M,
"Racing Simulation - Monaco Grand Prix (Europe) (En,Fr,De,Es,It)",T-17701D-50,,
Racing Simulation 2 - Monaco Grand Prix On-Line (Europe),T-45006D-50,,
Radirgy (Japan),T-47802M,,
"Railroad Tycoon II (Europe) (En,Fr,De)",T-40505D-50,,
Railroad Tycoon II (USA),T-41902N,,
Rainbow Cotton (Japan),T-9901M,,
Rayman - Kaizokusen kara no Dasshutsu! (Japan),T-17703M,,
"Rayman 2 - The Great Escape (Europe) (En,Fr,De,Es,It)",T-17707D-50,,
"Rayman 2 - The Great Escape (Europe) (En,Fr,De,Es,It) (Beta) (2000-01-17)",950-0037-50,,
"Rayman 2 - The Great Escape (USA) (En,Fr,De,Es,It)",T-17704N,,
Razor Freestyle Scooter (USA),T-40219N,,
Ready 2 Rumble Boxing - Round 2 (Europe) (Beta) (2000-10-03),952-0099-50,,
"Ready 2 Rumble Boxing - Round 2 (Europe) (En,Fr,De)",T-9711D-50,,
"Ready 2 Rumble Boxing - Round 2 (USA) (En,Fr,De)",T-9717N,,
"Ready 2 Rumble Boxing - Uchikome Warai no Megaton Punch!! (Japan) (En,Ja,Fr,De)",HDR-0051,,
"Ready 2 Rumble Boxing (Europe) (En,Fr,De)",T-9704D-50,,
Ready 2 Rumble Boxing (UK),T-9704D-05,,
Ready 2 Rumble Boxing (USA),T-9704N,,
Ready 2 Rumble Boxing (USA) (Demo),,,
Ready 2 Rumble Boxing (USA) (RE),T-9704N,,
Real Sound - Kaze no Regret (Japan) (Disc 1) (Rev A),T-30001M,,
Real Sound - Kaze no Regret (Japan) (Disc 1) (Rev B),T-30001M,,
Real Sound - Kaze no Regret (Japan) (Disc 2),T-30001M,,
Real Sound - Kaze no Regret (Japan) (Disc 2) (Rev A),T-30001M,,
Record of Lodoss War - The Advent of Cardice (Japan),T-27903M,,
Record of Lodoss War - The Advent of Cardice (Japan) (Rev A),T-27903M,,
Record of Lodoss War - The Advent of Cardice (Japan) (Taikenban),610-7816,,
Record of Lodoss War (Europe),T-7012D-05,,
Record of Lodoss War (France),T-7012D-09,,
Record of Lodoss War (Germany),T-7012D-18,,
Record of Lodoss War (USA),T-40218N,,
"Red Dog - Superior Firepower (Europe) (En,Fr,De,Es)",952-0032-50, MK-51021-50,
Red Dog - Superior Firepower (USA),T-40215N,,
Redline Racer (Japan),T-15002M,,
Redux - Dark Matters (Europe) (Unl),RDXLE-JP, RDXRE-JP,
Reel Fishing + Wild (USA),T-44303N,,
Remember 11 - The Age of Infinity - Promotion Disc (Japan),T-19723M,,
Ren'ai Chu! Happy Perfect (Japan),T-47602M,,
Rent a Hero No. 1 (Japan),HDR-0074,,
Resident Evil - Code - Veronica (Europe) (Demo),D-0007-50,,
Resident Evil - Code - Veronica (Europe) (Disc 1),T-36806D-05,,
Resident Evil - Code - Veronica (Europe) (Disc 2),T-36806D-05,,
Resident Evil - Code - Veronica (France) (Disc 1),T-36806D-09,,
Resident Evil - Code - Veronica (France) (Disc 2),950-0064-09, T-36806D-09,
Resident Evil - Code - Veronica (Germany) (Disc 1),T-36806D-18,,
Resident Evil - Code - Veronica (Germany) (Disc 2),T-36806D-18,,
Resident Evil - Code - Veronica (Spain) (Disc 1),T-36806D-06,,
Resident Evil - Code - Veronica (Spain) (Disc 2),T-36806D-06,,
Resident Evil - Code - Veronica (USA) (Disc 1),T-1204N,,
Resident Evil - Code - Veronica (USA) (Disc 2),T-1204N,,
"Resident Evil 2 (Europe) (En,Fr) (Disc 1)",T-7004D-61, T-7004D-82,
"Resident Evil 2 (Europe) (En,Fr) (Disc 2)",T-7004D-61, T-7004D-82,
Resident Evil 2 (USA) (Disc 1),T-1205N,,
Resident Evil 2 (USA) (Disc 2),T-1205N,,
Resident Evil 3 - Nemesis (Europe),T-7021D-05, T-7021D-56,
"Resident Evil 3 - Nemesis (Europe) (Fr,Es)",T-7021D-72,,
Resident Evil 3 - Nemesis (Germany),T-7021D-18,,
Resident Evil 3 - Nemesis (USA),T-1220N,,
Revive... - Sosei (Japan),T-1301M,,
Re-Volt (Europe) (Demo),,,
"Re-Volt (Europe) (En,Fr,De,Es,It)",T-8107D-50,,
Re-Volt (Japan),T-8101M,,
Re-Volt (USA),T-8109N,,
"Rez (Europe) (En,Ja,Fr,De,Es,It)",MK-51192-50,,
"Rez (Japan) (En,Ja,Fr,De,Es,It)",HDR-0178,,
"Rhapsody of Zephyr, The (Japan)",T-44502M,,
"Ring, The - Terror's Realm (USA)",T-15122N,,
"Ring, The (Japan)",T-27902M,,
Rippin' Riders (USA),51010,,
"Roadsters (Europe) (En,Fr,De,Es,It,Nl)",T-22901D-50,,
Roadsters (USA),T-22901N,,
Roommania 203 (Japan),HDR-0044,,
Roommate Asami - Okusama wa Joshikousei - Director's Edition (Japan),T-19508M,,
Roommate Novel - Satou Yuka (Japan),T-19502M,,
Run=Dim as Black Soul (Japan),T-46202M,,
Rune Caster (Japan),T-40001M,,
Rune Jade (Japan),T-14304M,,
"Rush 2049 (Europe) (En,De,Es,It,Nl,Fi) (Beta) (2000-08-07)",952-0080-50,,
Rush Rush Rally Racing (Europe) (Unl),RRRR-DX, RRRR-RE,
"Rush Rush Rally Reloaded (Europe) (En,Fr,De,Es,It,Nl) (Unl)",WG-21021-EU,,
"Rush Rush Rally Reloaded (UK) (En,Fr,De,Es,It,Nl) (Unl) (Sample)",,,
"Rush Rush Rally Reloaded (USA) (En,Fr,De,Es,It,Nl) (Unl)",,,
Saka Tsuku Tokudai-gou - J.League Pro Soccer Club o Tsukurou! (Japan),HDR-0126,,
Saka Tsuku Tokudai-gou - J.League Pro Soccer Club o Tsukurou! (Japan) (Rev A),HDR-0126,,
Saka Tsuku Tokudai-gou 2 - J.League Pro Soccer Club o Tsukurou! (Japan),HDR-0183,,
Sakura Momoko Gekijou - Coji-Coji (Japan),T-40802M,,
Sakura Taisen - Hanagumi Taisen Columns 2 (Japan),HDR-0046,,
Sakura Taisen (Japan) (Disc 1),HDR-0089,,
Sakura Taisen (Japan) (Disc 2),HDR-0089,,
Sakura Taisen (Japan) (Disc 2) (Rev A),HDR-0201,,
Sakura Taisen (Japan) (Omake Disc),HDR-0089,,
"Sakura Taisen 2 - Kimi, Shinitamou Koto Nakare (Japan) (Disc 1)",HDR-0082, HDR-0108,
"Sakura Taisen 2 - Kimi, Shinitamou Koto Nakare (Japan) (Disc 1) (Rev A)",HDR-0193, HDR-0201,
"Sakura Taisen 2 - Kimi, Shinitamou Koto Nakare (Japan) (Disc 2)",HDR-0082, HDR-0108,
"Sakura Taisen 2 - Kimi, Shinitamou Koto Nakare (Japan) (Disc 2) (Rev A)",HDR-0193, HDR-0201,
"Sakura Taisen 2 - Kimi, Shinitamou Koto Nakare (Japan) (Disc 3)",HDR-0082, HDR-0108,
"Sakura Taisen 2 - Kimi, Shinitamou Koto Nakare (Japan) (Disc 3) (Rev A)",HDR-0193, HDR-0201,
Sakura Taisen 3 - Paris wa Moeteiru ka - Drama Download Disc (Japan),HDR-0191, HDR-0201, HDR-0202
Sakura Taisen 3 - Paris wa Moeteiru ka - Preview Disc (Japan),HDR-0082, HDR-0108,
Sakura Taisen 3 - Paris wa Moeteiru ka - Sakura Taisen 3 Movie Disc (Japan),HDR-0136,,
Sakura Taisen 3 - Paris wa Moeteiru ka (Japan) (Disc 1),HDR-0147, HDR-0148, HDR-0152
Sakura Taisen 3 - Paris wa Moeteiru ka (Japan) (Disc 2),HDR-0147, HDR-0148, HDR-0152
Sakura Taisen 3 - Paris wa Moeteiru ka (Japan) (Disc 3),HDR-0147, HDR-0148, HDR-0152
Sakura Taisen 3 - Paris wa Moeteiru ka (Japan) (Tentou-you Demo Movie),610-8022,,
Sakura Taisen 4 - Koi seyo Otome - Preview Disc (Japan),HDR-0184, HDR-0189,
Sakura Taisen 4 - Koi seyo Otome (Japan),HDR-0191, HDR-0202,
Sakura Taisen 4 - Koi seyo Otome (Japan) (Tentou-you Demo Movie),610-8333,,
Sakura Taisen Dream Passport 3 (Japan),610-7996,,
Sakura Taisen Kinematron Hanagumi Mail (Japan),HDR-0136,,
Sakura Taisen Online - Paris no Yuuga na Hibi (Japan),HDR-0185,,
Sakura Taisen Online - Teito no Nagai Hibi (Japan),HDR-0184,,
Samba de Amigo (Europe),MK-51092-50,,
Samba de Amigo (Japan),HDR-0063,,
Samba de Amigo (USA),51092,,
Samba de Amigo Ver. 2000 (Japan),HDR-0131,,
"San Francisco Rush 2049 (Europe) (En,Fr,De,Es,It,Nl)",T-9709D-50,,
"San Francisco Rush 2049 (USA) (En,Fr,De,Es,It,Nl)",T-9707N,,
"San Francisco Rush 2049 (USA) (En,Fr,De,Es,It,Nl) (Demo)",T-9707ND,,
Sangokushi VI (Japan),T-7603M,,
Sangokushi VI with Power-Up Kit (Japan),T-7607M,,
"Satazius Next (USA, Japan) (Unl)",,,
Seaman (USA),51048,,
Seaman Esa Disc - Kimos Shu no Youchuu Hojuu Kit (Japan),610-7804,,
Sega Bass Fishing (Europe),MK-51006-50,,
Sega Bass Fishing (USA),51006,,
Sega Bass Fishing 2 (USA),51166,,
"Sega Extreme Sports (Europe) (En,Fr,De,Es)",MK-51081-50,,
Sega Extreme Sports (Japan),HDR-0146,,
Sega GT - Homologation Special (Japan),HDR-0054,,
Sega GT - Homologation Special (Japan) (Taikenban),610-7727,,
"Sega GT (Europe) (En,Fr,De,Es)",950-0103-50, MK-51053-50,
Sega GT (USA),MK-51053,,
Sega Marine Fishing (Japan),HDR-0104,,
Sega Marine Fishing (USA),51096,,
Sega Rally 2 (Europe),MK-51019-50,,
Sega Rally 2 (Europe) (Rev 1),MK-51019-50,,
Sega Rally 2 (Japan),HDR-0010,,
Sega Rally 2 (Japan) (Alt),HDR-0010,,
Sega Rally 2 (USA),51019,,
Sega Smash Pack - Volume 1 (USA),51146,,
Sega Tetris (Japan) (Rev A),HDR-0073,,
"Sega Worldwide Soccer 2000 - Euro Edition (Europe) (En,Fr,De,Es)",MK-51083-50,,
Sega Worldwide Soccer 2000 (Europe) (Beta) (1999-02-10),952-0007-50,,
"Sega Worldwide Soccer 2000 (Europe) (En,Fr,De,Es)",MK-51031-50,,
SegaKara for Dreamcast (Japan),610-7762,,
Seireiki Rayblade (Japan),T-42201M,,
Seireiki Rayblade (Japan) (Video ROM),610-7747,,
Seitai Heiki Expendable (Japan),T-15003M,,
Sekai Fushigi Hakken! Troia (Japan),T-39701M,,
Sengoku Turb - Fanfan I Love Me Dunce-doublentendre (Japan),T-38805M,,
Sengoku Turb (Japan),T-38801M,,
Sengoku Turb (Japan) (Taikenban),610-7103,,
Sentimental Graffiti - Yakusoku (Japan),T-20128M,,
Sentimental Graffiti 2 - Third Window (Japan),610-7749,,
Sentimental Graffiti 2 (Japan) (Disc 1),T-20104M,,
Sentimental Graffiti 2 (Japan) (Disc 2),T-20104M,,
Seventh Cross (Japan),T-38802M,,
Seventh Cross Evolution (USA),T-41301N,,
SGGG - Segagaga (Japan),HDR-0083, HDR-0151,
SGGG - Segagaga (Japan) (Rev A),HDR-0171,,
"Shadow Man (Europe) (En,Fr,Es,It)",T-8104D-50,,
Shadow Man (Germany),T-8104D-18,,
Shadow Man (USA),T-8106N,,
Shadow Man (USA) (Rev A),T-8106N,,
Shanghai - Dynasty (Japan),T-9902M,,
Shenmue - Ichishou Yokosuka (Japan) (Disc 1),HDR-0016, HDR-0031,
Shenmue - Ichishou Yokosuka (Japan) (Disc 2),HDR-0016, HDR-0031,
Shenmue - Ichishou Yokosuka (Japan) (Disc 3),HDR-0016, HDR-0031,
Shenmue - Ichishou Yokosuka (Japan) (Shenmue Passport) (Rev C),HDR-0031,,
Shenmue - Ichishou Yokosuka (Japan) (Shenmue Passport) (Rev D),HDR-0016, HDR-0031,
"Shenmue (Europe) (En,Fr,De,Es) (Disc 1)",952-0102-50, MK-51059-50,
"Shenmue (Europe) (En,Fr,De,Es) (Disc 2)",952-0102-50, MK-51059-50,
"Shenmue (Europe) (En,Fr,De,Es) (Disc 3)",952-0102-50, MK-51059-50,
"Shenmue (Europe) (En,Fr,De,Es) (Shenmue Passport)",952-0102-50, MK-51059-50,
Shenmue (USA) (Disc 1),51059, 51131,
Shenmue (USA) (Disc 2),51059,,
Shenmue (USA) (Disc 3),51059,,
Shenmue (USA) (Shenmue Passport),51059,,
"Shenmue II (Europe) (En,Fr,De,Es) (Disc 1)",MK-51184-50,,
"Shenmue II (Europe) (En,Fr,De,Es) (Disc 2)",MK-51184-50,,
"Shenmue II (Europe) (En,Fr,De,Es) (Disc 3)",MK-51184-50,,
"Shenmue II (Europe) (En,Fr,De,Es) (Disc 4)",MK-51184-50,,
Shenmue II (Japan) (Disc 1),HDR-0164, HDR-0179,
Shenmue II (Japan) (Disc 2),HDR-0164, HDR-0179,
Shenmue II (Japan) (Disc 3),HDR-0164, HDR-0179,
Shenmue II (Japan) (Disc 4),HDR-0164, HDR-0179,
Shikigami no Shiro II (Japan),T-47701M, T-47702M,
Shin Honkaku Hanafuda (Japan),T-16601M,,
Shin Nihon Pro Wrestling - Toukon Retsuden 4 (Japan),T-28202M,,
Shin Seiki Evangelion - Ayanami Ikusei Keikaku (Japan),T-46303M,,
Shin Seiki Evangelion - Typing E Keikaku (Japan),T-35101M,,
Shin Seiki Evangelion - Typing Hokan Keikaku (Japan),T-35102M,,
Shinki Sekai Evolution (Japan),T-38701M,,
Shinki Sekai Evolution (Japan) (Taikenban),610-7039,,
Shinki Sekai Evolution 2 - Tooi Yakusoku (Japan),T-38703M,,
"Shinri Game, The (Japan)",T-43403M,,
Shirotsumesouwa - Episode of the Clovers (Japan),T-20123M, T-20125M,
Shutokou Battle (Japan),T-30801M,,
Shutokou Battle (Japan) (Taikenban),610-7134,,
Shutokou Battle 2 (Japan),T-30803M,,
"Silent Scope (Europe) (En,Fr,De,Es,It)",T-9505D-50,,
Silent Scope (Japan),T-9513M,,
Silent Scope (USA),T-9507N,,
"Silver (Europe) (En,Nl)",T-15109D-91,,
"Silver (France) (Fr,It,Pt)",T-15109D-92,,
Silver (Germany),T-15109D-18,,
Silver (Spain),T-15109D-06,,
Silver (USA),T-15108N,,
Simple 2000 Series DC Vol. 01 - Bittersweet Fools - The Ren'ai Adventure (Japan),T-47401M,,
Simple 2000 Series DC Vol. 02 - Natsuiro Celebration - The Ren'ai Simulation (Japan),T-47404M,,
Simple 2000 Series DC Vol. 03 - Fureai - The Ren'ai Simulation (Japan),T-47402M,,
Simple 2000 Series DC Vol. 04 - Okaeri! The Ren'ai Adventure (Japan),T-47403M,,
Sister Princess - Premium Edition (Japan) (Disc 1),T-27802M,,
Sister Princess - Premium Edition (Japan) (Disc 2),T-27802M,,
"Skies of Arcadia (Europe) (En,Fr,De,Es) (Disc 1)",MK-51052-50,,
"Skies of Arcadia (Europe) (En,Fr,De,Es) (Disc 2)",MK-51052-50,,
Skies of Arcadia (USA) (Disc 1),51052,,
Skies of Arcadia (USA) (Disc 2),51052,,
"Slave Zero (Europe) (En,Fr,De,Es,It)",T-15104D-50,,
Slave Zero (USA),T-15106N,,
Slave Zero (USA) (Rev A),T-15106N,,
"SnoCross Championship Racing (Europe) (En,Fr,De)",830-0223-50, T-17722D-50,
SnoCross Championship Racing (USA),T-40207N,,
Snow (Japan),T-20132M,,
Snow Surfers (Europe),MK-51010-50,,
Soldier of Fortune (Europe),T-17726D-50,,
Soldier of Fortune (USA),T-40212N,,
Sonic Adventure - Limited Edition (USA),SDC-51014,,
"Sonic Adventure (Europe) (En,Ja,Fr,De,Es)",MK-51000-50,,
Sonic Adventure (Japan),HDR-0001,,
Sonic Adventure (USA),51000,,
Sonic Adventure (USA) (Demo),HDR-0001,,
"Sonic Adventure (USA) (En,Ja,Fr,De,Es) (Rev A)",51000,,
"Sonic Adventure 2 - The Trial (Europe) (En,Ja)",610-7994-50,,
"Sonic Adventure 2 - The Trial (USA, Japan) (En,Ja)",51100, HDR-0129,
"Sonic Adventure 2 (Europe) (En,Ja,Fr,De,Es)",MK-51117-50,,
"Sonic Adventure 2 (Europe) (En,Ja,Fr,De,Es) (Beta) (2001-05-21)",MK-5111750,,
"Sonic Adventure 2 (Japan) (En,Ja,Fr,De,Es)",HDR-0165,,
"Sonic Adventure 2 (Japan) (En,Ja,Fr,De,Es) (Taikenban)",610-8057,,
"Sonic Adventure 2 (USA) (En,Ja,Fr,De,Es)",51117,,
"Sonic Adventure International (Japan) (En,Ja,Fr,De,Es)",HDR-0043,,
"Sonic Shuffle (Europe) (En,Fr,De,Es)",MK-51060-50,,
Sonic Shuffle (Japan),HDR-0125,,
Sonic Shuffle (USA),51060,,
Sorcerian - Shichisei Mahou no Shito (Japan),T-9102M,,
Soukou no Kihei - Space Griffon (Japan),T-39601M,,
Soul Fighter (Europe),830-0067-50, T-41401D-50,
Soul Fighter (USA),T-41401N,,
"Soulcalibur (Europe) (En,Fr,De,Es)",T-1401D-50,,
Soulcalibur (Japan),T-1401M,,
Soulcalibur (Japan) (Tentou Taikenban),610-7173,,
Soulcalibur (Japan) (Tokubetsu Taikenban),610-7175,,
Soulcalibur (USA),T-1401N,,
South Park - Chef's Luv Shack (Europe),T-8105D-50,,
South Park - Chef's Luv Shack (USA),T-8105N,,
"South Park Rally (Europe) (En,Fr,De,Es)",T-8112D-50,,
South Park Rally (USA),T-8116N,,
"Space Channel 5 (Europe) (En,Fr,De,Es)",MK-51051-50,,
"Space Channel 5 (Europe) (En,Fr,De,Es) (Beta) (2000-08-10)",952-0083-50,,
Space Channel 5 (Japan),HDR-0029, HDR-0140,
Space Channel 5 (Japan) (Taikenban),610-7368,,
Space Channel 5 (USA),51051,,
Space Channel 5 Part 2 (Japan),HDR-0190,,
Space Channel 5 Theme Music - Mexican Flyer (Japan),,,
Spawn - In the Demon's Hand (Europe),T-36816D-50,,
Spawn - In the Demon's Hand (Japan),T-1216M,,
Spawn - In the Demon's Hand (USA),T-1216N,,
"Spec Ops II - Omega Squad (Europe) (En,Fr,De,Es,It)",T-45004D-50,,
Spec Ops II - Omega Squad (USA),T-41704N,,
Speed Devils - Online Racing (Europe),T-17713D-50,,
Speed Devils - Online Racing (USA),T-17718N,,
"Speed Devils (Europe) (En,Fr,De,Es,It)",T-17702D-50,,
Speed Devils (Japan),T-17702M,,
Speed Devils (USA),T-17702N,,
Spider-Man (Europe),T-13011D-50,,
Spider-Man (USA),T-13008N,,
"Spirit of Speed 1937 (Europe) (En,Fr,De,Es)",T-8117D-50,,
Spirit of Speed 1937 (Japan),T-8102M,,
"Spirit of Speed 1937 (USA) (En,Fr,De,Es)",T-8118N,,
Sports Jam (Japan),HDR-0153,,
Sports Jam (USA),T-44304N,,
Star Gladiator 2 - Nightmare of Bilstein (Japan),T-1204M,,
Star Gladiator 2 - Nightmare of Bilstein (Japan) (Tentou Taikenban),610-7181,,
Star Wars - Demolition (Europe),830-0215-50, T-13010D-50,
Star Wars - Demolition (USA),T-23003N,,
Star Wars - Episode I - Jedi Power Battles (Europe),T-23002D-50,,
Star Wars - Episode I - Jedi Power Battles (USA),T-23002N,,
Star Wars - Episode I - Racer (Europe),T-13006D-50,,
Star Wars - Episode I - Racer (USA),T-23001N,,
StarLancer (Europe),T-17723D-05,,
StarLancer (USA),T-40209N,,
Street Fighter Alpha 3 (Europe),T-7005D-50,,
Street Fighter Alpha 3 (USA),T-1203N,,
Street Fighter III - 3rd Strike - Fight for the Future (Japan),T-1209M,,
Street Fighter III - 3rd Strike (Europe),T-7013D-50,,
Street Fighter III - 3rd Strike (USA),T-1213N,,
Street Fighter III - Double Impact (Europe),T-7006D-50,,
Street Fighter III - Double Impact (USA),T-1210N,,
Street Fighter III - W Impact (Japan),T-1211M,,
Street Fighter Zero 3 - Saikyo-ryu Dojo (Japan),T-1203M,,
Street Fighter Zero 3 - Saikyo-ryu Dojo (Japan) (Tentou Taikenban),610-7161,,
Street Fighter Zero 3 - Saikyo-ryu Dojo for Matching Service (Japan),T-1230M,,
Striker Pro 2000 (USA),T-15111N,,
"Stunt GP (Europe) (En,Fr,De,Es,It,Nl,Sv)",T-22904D-50,,
"Stupid Invaders (Europe) (En,Fr,De,It) (Disc 1)",T-17711D-71,,
"Stupid Invaders (Europe) (En,Fr,De,It) (Disc 2)",T-17711D-71,,
Stupid Invaders (France) (Disc 1),T-17711D-09,,
Stupid Invaders (France) (Disc 2),T-17711D-09,,
Stupid Invaders (USA) (Disc 1),T-17708N,,
Stupid Invaders (USA) (Disc 2),T-17708N,,
Sturmwind (Europe) (Unl) (Rerelease),,,
Suigetsu - Mayoigokoro (Japan) (Disc 1),T-19725M,,
Suigetsu - Mayoigokoro (Japan) (Disc 2),T-19725M,,
Suika (Japan),T-46508M, T-46509M,
Sunrise Eiyuutan (Japan),T-41101M,,
Super Euro Soccer 2000 (Japan),T-15006M,,
Super Game Converter (USA) (Unl),,,
"Super Magnetic Neo (Europe) (En,Fr,De)",T-40206D-50,,
Super Magnetic Neo (USA),T-40206N,,
Super Magnetic Neo (USA) (Demo),T-40206ND,,
Super Magnetic Niuniu - Promotion Disc (Japan),610-7386,,
Super Magnetic Niuniu (Japan),T-30802M,,
Super Producers - Mezase Show Biz Kai (Japan),T-14303M,,
Super Puzzle Fighter II X for Matching Service (Japan),T-1250M,,
Super Robot Taisen Alpha (Japan),T-20602M,,
Super Runabout - San Francisco Edition (Europe),952-0121-50, T-7014D-50,
Super Runabout - San Francisco Edition (Japan),T-22102M,,
Super Runabout - San Francisco Edition (USA),T-12511N,,
Super Runabout (Japan),T-22101M,,
Super Runabout (Japan) (Rev A),T-22101M,,
Super Runabout (Japan) (Taikenban),610-7803,,
Super Speed Racing (Japan),HDR-0013,,
Super Street Fighter II X for Matching Service (Japan),T-1236M,,
Surf Rocket Racers (Europe),952-0124-50, T-17721D-50,
Surf Rocket Racers (USA),T-40216N,,
"Suzuki Alstare - Extreme Racing (Europe) (En,Fr,De,Es,It)",T-17703D-50, T-17703D-74,
Suzuki Alstare - Extreme Racing (USA),T-17703N,,
Sweet Season (Japan),T-37911M,,
Sword of the Berserk - Guts' Rage (Europe),952-0058-05, T-36807D-50,
Sword of the Berserk - Guts' Rage (USA),T-36805N,,
Sydney 2000 (Australia),T-36808D-03,,
Sydney 2000 (Europe),T-36808D-05,,
Sydney 2000 (France),T-36808D-09,,
Sydney 2000 (Germany),T-36808D-18,,
Sydney 2000 (Italy),T-36808D-13,,
Sydney 2000 (Japan),T-1237M,,
Sydney 2000 (Spain),T-36808D-06,,
Sydney 2000 (USA),T-36808N,,
Taisen Net Gimmick - Capcom & Psikyo All Stars (Japan),T-1248M,,
Tako no Marine (Japan),T-5204M,,
Tamakyuu (Japan),T-20133M,,
Tanaka Torahiko no Ultra-ryuu Shougi - Ibisha Anaguma-hen (Japan),T-22001M,,
Tantei Shinshi Dash! (Japan),T-44403M,,
Tantei Shinshi Dash! (Japan) (Rev A),T-44401M,,
Taxi 2 - Le Jeu (France),T-17708D-09,,
Tech Romancer (Europe),T-7009D-50,,
Tech Romancer (USA),T-1208N,,
Tee Off (Europe),T-8108D-50,,
Tee Off (USA),T-8108N,,
"Tennis 2K2 (USA) (En,Ja,Fr,De,Es) (Rev A)",51186,,
"Tenohira o, Taiyou ni (Japan)",T-46516M,,
Tentama - 1st Sunny Side (Japan),T-19710M,,
Test Drive 6 (USA),T-15102N,,
"Test Drive Le Mans (USA) (En,Fr,Es)",T-15123N,,
"Test Drive V-Rally (USA) (En,Fr,De)",T-15110N,,
Tetris 4D (Japan),T-20801M,,
"Time Stalkers (Europe) (En,Fr,De,Es)",MK-51011-50,,
Time Stalkers (USA),51011,,
TNN Motorsports Hardcore Heat (USA),T-13701N,,
Tokusatsu Bouken Katsugeki Super Hero Retsuden (Japan),T-20601M,,
Tokyo Bus Guide - Bijin Bus Guide Tenjou Disc (Japan),T-35404M,,
Tokyo Bus Guide (Japan),T-35402M,,
Tokyo Bus Guide (Japan) (Rev A),T-35402M,,
Tokyo Highway Challenge (Europe),T-40201D-50,,
Tokyo Highway Challenge 2 (Europe),T-40210D-50,,
Tokyo Xtreme Racer (USA),T-40202N,,
Tokyo Xtreme Racer 2 (USA),T-40211N,,
Tom Clancy's Rainbow Six - Rogue Spear + Mission Pack - Urban Operations (Europe),T-45002D-05,,
Tom Clancy's Rainbow Six - Rogue Spear + Mission Pack - Urban Operations (France),T-45002D-09,,
Tom Clancy's Rainbow Six - Rogue Spear + Mission Pack - Urban Operations (Germany),PT-45002D-18,,
Tom Clancy's Rainbow Six - Rogue Spear + Mission Pack - Urban Operations (USA),T-40402N,,
Tom Clancy's Rainbow Six incl. Eagle Watch Missions (Europe),T-45001D-05,,
Tom Clancy's Rainbow Six incl. Eagle Watch Missions (France),T-45001D-09,,
Tom Clancy's Rainbow Six incl. Eagle Watch Missions (Germany),T-45001D-18,,
Tom Clancy's Rainbow Six with Eagle Watch Missions (USA),T-40401N,,
Tomb Raider - Die Chronik (Germany),T-36815D-18,,
Tomb Raider - La Revelation Finale (France),T-36804D-09,,
Tomb Raider - Sur les Traces de Lara Croft (France),T-36815D-09,,
Tomb Raider - The Last Revelation (Europe),830-0103-05, T-36804D-05,
Tomb Raider - The Last Revelation (Italy),T-36804D-13,,
Tomb Raider - The Last Revelation (Spain),T-36804D-06,,
Tomb Raider - The Last Revelation (USA),T-36806N,,
Tomb Raider Chronicles - La Leggenda di Lara Croft (Italy),T-36815D-13,,
Tomb Raider Chronicles (Europe),T-36815D-05,,
Tomb Raider Chronicles (Spain),T-36815D-06,,
Tomb Raider Chronicles (USA),T-36812N,,
Tomb Raider IV - The Last Revelation (Germany),T-36804D-18,,
Tomb Raider IV - The Last Revelation (Japan),T-1233M,,
Tony Hawk's Pro Skater (USA),T-40205N,,
Tony Hawk's Pro Skater 2 (Europe),T-13008D-05,,
Tony Hawk's Pro Skater 2 (Germany),T-13008D-18,,
Tony Hawk's Pro Skater 2 (USA),T-13006N,,
Tony Hawk's Skateboarding (Europe),T-40204D-50,,
"Totsugeki! Teketeke!! Toy Ranger (Japan) (En,Ja,Fr,Es)",HDR-0052,,
"Tough Guy (USA, Japan) (Unl)",,,
"Toy Commander (Europe) (En,Fr,De,Es)",MK-51020-50,,
"Toy Commander (USA) (En,Fr,De,Es)",51020,,
"Toy Racer (Europe) (En,Fr,De,Es)",MK-51149-50,,
Treasure Strike (Japan),T-19701M,,
"TrickStyle (Europe) (En,Fr,De,Es,It)",T-8101D-18, T-8101D-50,
TrickStyle (USA),T-8102N,,
Tricolore Crise - Art Palette (Japan),610-7933,,
Tricolore Crise (Japan),T-9104M,,
Triggerheart Exelica (Japan),T-29101M, T-29102M,
Trizeal (Japan),T-47901M,,
Tsuki wa Higashi ni Hi wa Nishi ni - Operation Sanctuary (Japan),T-47109M,,
Tsuushin Taisen Logic Battle Daisessen (Japan),T-35403M,,
"Twinkle Star Sprites (Japan) (En,Ja,Es)",T-3103M,,
Typing of the Date (Japan),T-14307M,,
"Typing of the Dead, The (Japan)",HDR-0067,,
"Typing of the Dead, The (USA)",51144,,
"UEFA Dream Soccer (Europe) (En,Fr,De,Es)",MK-51095-05,,
"UEFA Dream Soccer (France) (En,Fr,De,Es)",MK-51095-09,,
"UEFA Dream Soccer (Germany) (En,Fr,De,Es)",MK-51095-18,,
UEFA Dream Soccer (Spain),MK-51095-06,,
"UEFA Striker (Europe) (En,Fr,De,Es,It,Nl)",T-15102D-50,,
"UEFA Striker (Europe) (En,Fr,De,Es,It,Nl) (Beta) (1999-09-01)",,,
Ultimate Cheats - Volume 2 (UK) (Unl),,,
Ultimate Cheats Collection (UK) (Demo) (Unl),,,
Ultimate Fighting Championship (Europe),T-40203D-50,,
Ultimate Fighting Championship (Japan),T-1241M,,
Ultimate Fighting Championship (USA),T-40204N,,
Ultimate Fighting Championship (USA) (Demo),T-40204ND,,
Under Defeat (Japan),T-46704M, T-46705M,
UnderCover AD2025 Kei (Japan),T-39001M,,
Unreal Tournament (Europe),T-15113D-50,,
"Unreal Tournament (USA) (En,Fr,De,Es,It)",T-15125N,,
"Urban Chaos (Europe) (En,Fr)",T-36810D-50,,
"Urban Chaos (USA) (En,Fr)",T-36810N,,
"US Shenmue (Japan) (En,Ja) (Disc 1)",HDR-0156,,
"US Shenmue (Japan) (En,Ja) (Disc 2)",HDR-0156,,
"US Shenmue (Japan) (En,Ja) (Disc 3)",HDR-0156,,
"US Shenmue (Japan) (En,Ja) (Shenmue Passport)",HDR-0156,,
Utau - Tumbling Dice (Japan),T-23206M, T-23207M,
Vampire Chronicle for Matching Service (Japan),T-1235M,,
"Vanishing Point (Europe) (En,Fr,De,Es,It)",T-8110D-50,,
Vanishing Point (USA),T-8110N,,
Vermilion Desert (Japan),T-5302M,,
Vigilante 8 - 2nd Battle (Japan),T-36501M,,
Vigilante 8 - 2nd Offense (Europe),T-13002D-50,,
Vigilante 8 - 2nd Offense (USA),T-13002N,,
"Virtua Athlete 2000 (USA) (En,Fr,De,Es)",T-44301N,,
"Virtua Athlete 2K (Europe) (En,Fr,De,Es)",MK-51094-50,,
Virtua Athlete 2K (Japan),HDR-0081,,
Virtua Cop 2 (Japan),HDR-0061,,
Virtua Fighter 3tb (Europe),MK-51001-50, MK-51001-53,
Virtua Fighter 3tb (Japan),HDR-0002,,
Virtua Fighter 3tb (Japan) (Rev 1),HDR-0017,,
Virtua Fighter 3tb (USA),51001,,
Virtua Fighter 4 Passport - VF.NET (Japan),610-8088,,
Virtua Fighter History-VF4 (Japan),610-8087,,
Virtua Fighter History-VF4 (Japan) (Alt),610-8087,,
"Virtua Striker 2 (USA) (En,Ja,De,Es)",51028,,
Virtua Striker 2 Ver. 2000.1 (Europe) (Beta) (1999-11-29),952-0025-50,,
"Virtua Striker 2 Ver. 2000.1 (Europe) (En,Ja,Fr,De,Es)",MK-51028-50,,
"Virtua Striker 2 Ver. 2000.1 (Japan) (En,Ja,Fr,De,Es)",HDR-0045,,
Virtua Tennis - Sega Professional Tennis (Europe) (Beta) (2000-06-15),952-0069-50,,
"Virtua Tennis - Sega Professional Tennis (Europe) (En,Fr,De,Es)",MK-51054-50,,
"Virtua Tennis - Sega Professional Tennis (Europe) (En,Fr,De,Es) (Beta) (2000-07-14)",952-0075-50,,
Virtua Tennis (USA),51054,,
"Virtua Tennis 2 - Sega Professional Tennis (Europe) (En,Fr,De,Es)",952-0168-50, MK-51186-50,
Visual Park (Japan),610-7801,,
"Volgarr the Viking (USA, Japan) (Unl)",,,
"Volgarr the Viking (USA, Japan) (Unl) (Rev 1)",,,
"V-Rally 2 - Expert Edition (Europe) (En,Fr,De)",T-15105D-50,,
"Wacky Races (Europe) (En,Fr,De,Es,It,Nl)",T-15106D-50,,
Wacky Races (USA),T-15113N,,
"Walt Disney World Quest - Magical Racing Tour (Europe) (En,Fr,De,Es,It)",T-36809D-50,,
Walt Disney World Quest - Magical Racing Tour (USA),T-36804N,,
Weakness Hero Torauman DC (Japan) (Game Disc),T-35405M,,
Weakness Hero Torauman DC (Japan) (Omake Disc),T-35405M,,
Web Browser (USA),51027,,
Web Browser (USA) (Rev A),51027,,
Web Browser 2.0 (USA),51056,,
Web Browser 2.0 with SegaNet (USA),51128,,
Web Browser 2.62 (USA),51142,,
Web Mystery - Yochimu o Miru Neko (Japan) (Disc 1),T-39501M,,
Web Mystery - Yochimu o Miru Neko (Japan) (Disc 2),T-39501M,,
"Wetrix+ (Europe) (En,Fr,De)",T-40504D-50,,
Wetrix+ (USA),T-8111N,,
What's Shenmue - Yukawa (Moto) Senmu o Sagase (Japan),610-7179, 610-7375,
Who Wants to Be a Millionaire (Europe),T-36811D-05,,
Who Wants to Beat Up a Millionaire (USA),T-11011N,,
"Wild Metal (Europe) (En,Fr,De,Es,It,Pt)",T-40501D-50,,
"Wild Metal (USA) (En,Fr,De,Es,It,Pt)",T-42101N,,
Wind - A Breath of Heart (Japan),T-47103M,,
"Wind and Water - Puzzle Battles (Europe) (En,Ja) (Unl)",YW-015DC,,
"Wind and Water - Puzzle Battles (Europe) (En,Ja) (Unl) (Rerelease)",YW-015DC,,
Winning Post 4 - Program 2000 (Japan),T-7606M,,
"Wolflame (USA, Japan) (Unl)",,,
World Neverland 2 Plus - The Waktic Republic of Pluto (Japan),T-5303M,,
World Neverland Plus - The Olerud Kingdom Stories (Japan),T-5301M,,
World Series Baseball 2K1 (Japan),HDR-0157,,
World Series Baseball 2K1 (USA),51055,,
World Series Baseball 2K2 (Japan),HDR-0198,,
World Series Baseball 2K2 (USA),51152,,
"Worms Armageddon (Europe) (En,Fr,De,Nl,Sv,No,Da)",830-0084-50, T-40601D-50,
"Worms Armageddon (USA) (En,Fr,De,Nl,Sv,No,Da)",T-40601N,,
"Worms World Party (Europe) (En,Fr,De,Es,It,Nl,Sv,Da)",T-7016D-50,,
"Worms World Party (USA) (En,Fr,De,Es,It,Nl,Sv,Da)",T-22904N,,
WWF Attitude (Europe),T-8103D-50,,
WWF Attitude (Germany),T-8103D-18,,
WWF Attitude (USA),T-8103N,,
WWF Royal Rumble (Europe),830-0172-50, T-10003D-50,
WWF Royal Rumble (Japan),T-45101M,,
WWF Royal Rumble (USA),T-10005N,,
"Xeno Crisis (USA, Japan) (En,Ja,Fr,De,Es,It,Nl,Pt) (Unl)",BB-0001,,
Xploder DC (USA) (Unl),,,
Xtreme Sports (USA),T-15126N,,
Yoshia no Oka de Nekoronde... (Japan),T-18704M,,
Yu Suzuki Game Works Vol. 1 (Japan),610-8099,,
Yukawa Moto Senmu no Otakara Sagashi (Japan),HDR-0025,,
Yukigatari (Japan),T-37907M,,
Yume Baken '99 - Internet (Japan),T-40101M,,
Yume no Tsubasa - Fate of Heart (Japan),T-19705M,,
Yuukyuu Gensoukyoku 3 - Perpetual Blue (Japan),T-27801M,,
Zero Gunner 2 (Japan),T-20401M,,
"Zombie Revenge (Europe) (En,Ja,Fr,De,Es)",MK-51038-50,,
Zombie Revenge (Japan),HDR-0026,,
Zombie Revenge (Japan) (Rev A),HDR-0026,,
Zombie Revenge (Japan) (Taikenban),610-7353,,
Zombie Revenge (USA),51038,,
"Zusar Vasar (Japan) (En,Ja)",T-43301M,,
Zusar Vasar (Japan) (Taikenban),610-7846,,
